tweet,date
https://t.co/Mqj5tXaDAz,2019-11-18 04:38:28
‚ÄúAll they do is bring up witnesses who didn‚Äôt witness anything.‚Äù @KatrinaPierson @SteveHiltonx  Nothing matters exc‚Ä¶ https://t.co/mOVG17IFDL,2019-11-18 03:39:38
‚ÄúThe Impeachment started before he even became President.‚Äù @greggutfeld  @FoxNews,2019-11-18 02:40:04
https://t.co/1Rg66Tn4uP,2019-11-17 22:57:43
https://t.co/D66PEkuX6d,2019-11-17 22:51:37
Where is the Fake Whistleblower?,2019-11-17 20:12:27
https://t.co/ru2n7i2gzu,2019-11-17 20:10:21
"Republicans &amp; others must remember, the Ukrainian President and Foreign Minister both said that there was no pressu‚Ä¶ https://t.co/mFL4wwDR8b",2019-11-17 20:08:08
"The Crazed, Do Nothing Democrats are turning Impeachment into a routine partisan weapon. That is very bad for our C‚Ä¶ https://t.co/8imWgyrBin",2019-11-17 20:03:44
"Tell Jennifer Williams, whoever that is, to read BOTH transcripts of the presidential calls, &amp; see the just release‚Ä¶ https://t.co/z5Iwr6LSOp",2019-11-17 19:57:12
https://t.co/I3lO117SVh,2019-11-17 19:56:02
Paul Krugman of @nytimes has been wrong about me from the very beginning. Anyone who has followed his ‚Äúwords of wis‚Ä¶ https://t.co/vLB1qdYWz6,2019-11-17 19:49:47
Schiff is a Corrupt Politician! https://t.co/DDBqlfIFLV,2019-11-17 19:47:32
".@SteveScalise blew the nasty &amp; obnoxious Chris Wallace (will never be his father, Mike!) away on Chris‚Äôs lowest ra‚Ä¶ https://t.co/kIXKIiCBQd",2019-11-17 19:30:09
Thanks Eric! https://t.co/6Ai7bqto3P,2019-11-17 18:34:46
RT @EricTrump: I hope no one who serves our country and volunteers to do the unthinkable is  ever treated like this again! Great job @realD‚Ä¶,2019-11-17 18:34:10
RT @EricTrump: Trump Washington D.C! @TrumpDC https://t.co/83Gu07l2cP,2019-11-17 18:33:34
https://t.co/nJBvFD1fGD,2019-11-17 18:10:59
https://t.co/N6jsblFuMc,2019-11-17 18:10:19
https://t.co/8bPq1Oy71z,2019-11-17 17:54:12
Paul Krugman has called me wrong from day one. People at the Failing New York Times are very angry at him for havin‚Ä¶ https://t.co/qmCAmTpOko,2019-11-17 17:43:27
https://t.co/Ypzhrlpgkz,2019-11-17 17:33:01
"RT @HouseGOP: Adam Schiff‚Äôs track record:
‚úîÔ∏è Spread false allegations about collusion
‚úîÔ∏è Fabricated a call transcript during a congressiona‚Ä¶",2019-11-17 17:30:05
https://t.co/Ks1BN41CGf,2019-11-17 17:29:58
"RT @GOPLeader: This. This is the impeachment that Democrats have spent the last three years working on. ‚Üì
 
Hours of hearsay from handpicke‚Ä¶",2019-11-17 17:28:49
https://t.co/YvlBpfsiTa,2019-11-17 17:26:49
https://t.co/z0I7wBsgTP,2019-11-17 17:26:10
"RT @RepDanCrenshaw: Coming soon...

A new #HeresTheTruth with @RepGregWalden debunking Pelosi‚Äôs drug pricing scheme. https://t.co/u9a8YBmb6o",2019-11-17 17:25:47
RT @realDonaldTrump: https://t.co/5Tbgwkpv4p,2019-11-17 17:12:47
RT @realDonaldTrump: https://t.co/65ERQ7YfUS,2019-11-17 17:12:45
RT @realDonaldTrump: https://t.co/YqJrGDPAOj,2019-11-17 17:12:43
"I agree Katrina, Pam Bondi is a great woman! https://t.co/NllcAz0bWB",2019-11-17 17:12:14
"RT @GOPoversight: üì∫WATCH: Schiff's #impeachment sham is at it again. This time, he refuses to let @EliseStefanik speak (again). 

This circ‚Ä¶",2019-11-17 17:01:03
The Do Nothing Dems are now doing even less - and soooo much work to be done!,2019-11-17 16:56:41
"Joe Ricketts, one of our Country‚Äôs most successful businessmen, including being the owner of the Chicago Cubs, has‚Ä¶ https://t.co/AZU3tnBHvm",2019-11-17 16:51:39
A BIG difference! https://t.co/DFjge9s7fO,2019-11-17 16:38:34
"Our great Farmers will recieve another major round of ‚Äúcash,‚Äù compliments of China Tariffs, prior to Thanksgiving.‚Ä¶ https://t.co/whkNS2TsLY",2019-11-17 16:08:11
".@MariaBartiromo has a GREAT show going on right now, 10:00 A.M. Fantastic guests talk about the Fake Impeachment!  @FoxNews",2019-11-17 15:02:08
"Mr. Chairman, Joe Biden may be Sleepy and Very Slow, but he is not a ‚Äúrabid dog.‚Äù He is actually somewhat better th‚Ä¶ https://t.co/0nVPyEFfgf",2019-11-17 14:58:09
"Dowd never understood the pulse of the Republican Party, present or past. He‚Äôs just a 3rd rate hit job for Fake New‚Ä¶ https://t.co/OemGtFOWid",2019-11-17 14:09:35
RT @EliseStefanik: How many times can Adam Schiff say ‚Äúthe Gentlewoman is NOT recognized‚Äù? He clearly has NO interest in letting Republican‚Ä¶,2019-11-17 13:52:24
A new Republican Star is born. Great going @EliseStefanik! https://t.co/9QH4oUa2eg,2019-11-17 13:51:39
"RT @Liz_Wheeler: ""Do you have any info regarding the POTUS accepting any bribes?

Yovanovich: ""No.""

""Do you have any info regarding any cr‚Ä¶",2019-11-17 13:47:43
"RT @GOPoversight: .@EliseStefanik is on üî•

@RepAdamSchiff can do nothing but watch his #impeachment sham crumble. https://t.co/SeOfq3dB5c",2019-11-17 13:47:09
Thank you Pete. Our great warfighters must be allowed to fight. I would not have done this for Sgt. Bergdahl or Che‚Ä¶ https://t.co/bfn9C8I7WH,2019-11-17 13:43:09
"RT @WhiteHouse: Ever since President @realDonaldTrump took action in the face of Congress‚Äô neglect, border apprehensions have plummeted by‚Ä¶",2019-11-17 13:23:32
"RT @RepLeeZeldin: Just finished the depo of OMB staffer, Mark Sandy, in Schiff‚Äôs Capitol basement bunker. He came in to testify about why t‚Ä¶",2019-11-17 12:55:09
Visited a great family of a young man under major surgery at the amazing Walter Reed Medical Center. Those are trul‚Ä¶ https://t.co/LBL2DrBpCg,2019-11-17 05:09:17
https://t.co/5Tbgwkpv4p,2019-11-17 03:11:35
https://t.co/65ERQ7YfUS,2019-11-17 02:23:27
https://t.co/YqJrGDPAOj,2019-11-17 02:22:20
RT @realDonaldTrump: #NewHoaxSameSwamp https://t.co/GIg9R9Txe0,2019-11-17 01:06:30
True! https://t.co/ySWZMUnQfd,2019-11-16 18:48:46
RT @LouDobbs: No Quid without a Quo: @KimStrassel on President @realDonaldTrump‚Äôs vindication after Morrison‚Äôs testimony. #AmericaFirst #MA‚Ä¶,2019-11-16 18:46:38
"RT @KimStrassel: Impeachment is meant to be a big deal, but Democrats and the media have accomplished the disturbing feat of turning it int‚Ä¶",2019-11-16 18:44:38
Congratulations Kimberley. Great book! https://t.co/IFlMf1qIrb,2019-11-16 18:44:16
RT @AriFleischer: The most important part of today‚Äôs hearing was Amb. Yovanovitch‚Äôs statement that she has no evidence that Trump received‚Ä¶,2019-11-16 18:42:56
RT @AriFleischer: The Qs the press asked Schiff at his post-hearing news conference were friendly.  The Qs the press asked to the Republica‚Ä¶,2019-11-16 18:42:21
"RT @realDonaldTrump: LOUISIANA, VOTE @EddieRispone TODAY! He will be a great governor!",2019-11-16 18:39:17
"‚ÄúI mean, come on. The Democrats are doing focus groups to try and figure out what words to use to move the needle.‚Ä¶ https://t.co/TiN02s4ykR",2019-11-16 18:38:10
"‚ÄúTriggered,‚Äù a great book by my son, Don. Now number one on @NYTIMES LIST. Keep it there for a while!",2019-11-16 17:57:51
RT @realDonaldTrump: Good morning Louisiana! Polls are open at 7AM. Get out and VOTE for @EddieRispone to be your next Gov! He will get you‚Ä¶,2019-11-16 15:49:11
"....and Taylor, dismissing everybody involved from the Obama holdover days trying to undermine Trump, getting rid o‚Ä¶ https://t.co/OI3LdIebvr",2019-11-16 15:38:36
"‚ÄúMy support for Donald Trump has never been greater than it is right now. It is paramountly obvious watching this,‚Ä¶ https://t.co/ds5t4N9fwp",2019-11-16 15:38:34
"Dow hits 28,000 - FIRST TIME EVER, HIGHEST EVER! Gee, Pelosi &amp; Schitt have a good idea, ‚Äúlets Impeach the President‚Ä¶ https://t.co/x8fuxDPsDd",2019-11-16 15:18:27
"RT @DanScavino: ‚ÄúArmy 1st Lt. Clint Lorance, one of two U.S. Army officers granted clemency Friday by POTUS Trump, was released from prison‚Ä¶",2019-11-16 13:56:23
"LOUISIANA, VOTE @EddieRispone TODAY! He will be a great governor!",2019-11-16 13:51:34
Good morning Louisiana! Polls are open at 7AM. Get out and VOTE for @EddieRispone to be your next Gov! He will get‚Ä¶ https://t.co/MVmnupg5CY,2019-11-16 13:08:14
"RT @thehill: AG Bill Barr: ""Immediately after President Trump won election, opponents inaugurated what they call 'The Resistance' and they‚Ä¶",2019-11-16 06:02:39
RT @marklevinshow: Attorney General Bill Barr slams the constant efforts to undermine the president in a speech to the Federalist Society‚Ä¶,2019-11-16 06:02:08
#NewHoaxSameSwamp https://t.co/GIg9R9Txe0,2019-11-16 02:39:50
https://t.co/YvlBpfsiTa,2019-11-16 00:33:20
THANK YOU! #MAGA #KAG https://t.co/Pcq7IbehVp,2019-11-16 00:16:42
https://t.co/8h6ZmdGlPf https://t.co/shaijXMXli,2019-11-15 22:10:52
"RT @RepLeeZeldin: History is going to be so MASSIVELY unkind towards Pelosi, Schiff and the rest of Congressional Democrats who continue su‚Ä¶",2019-11-15 20:40:58
"RT @RepMarkMeadows: The Democrats second day impeachment witness, Ambassador Yovanovitch, has no information on any of the relevant questio‚Ä¶",2019-11-15 20:40:03
RT @EliseStefanik: Obama‚Äôs own State Dept. was so concerned about conflicts of interest from Hunter Biden‚Äôs role at Burisma that they raise‚Ä¶,2019-11-15 20:39:40
"RT @EliseStefanik: The facts are clear, confirmed by our witness, Ambassador Yovanovitch: defensive lethal aid was provided to Ukraine not‚Ä¶",2019-11-15 20:39:01
RT @SteveScalise: The Dems' star witness was just asked on record if she had any information regarding @realDonaldTrump accepting any bribe‚Ä¶,2019-11-15 20:27:08
"RT @GOPLeader: Before Chairman Adam Schiff gets a chance to make up another phone call between Presidents Trump and Zelensky, @DevinNunes j‚Ä¶",2019-11-15 20:26:46
RT @Jim_Jordan: https://t.co/gjRFvN02xO,2019-11-15 20:26:22
RT @DanScavino: ‚ÄúUkrainian FM Vadym Prystaiko said on Thur that the U.S. Amb did not link financial military assistance to a request for Uk‚Ä¶,2019-11-15 20:25:30
"RT @Jim_Jordan: We now have both the April and July calls between President Trump and President Zelensky. Once again, no linkage of any kin‚Ä¶",2019-11-15 19:17:50
"RT @RepMarkMeadows: Bravo from @RepChrisStewart, who just summarized this whole hearing:

Q: ""Do you have any information regarding POTUS a‚Ä¶",2019-11-15 19:16:29
"RT @Rep_Watkins: Democrats didn‚Äôt like the outcome of the 2016 election, so now they‚Äôre trying to impeach @realDonaldTrump 

#KS02 #ksleg h‚Ä¶",2019-11-15 19:16:02
"RT @GOPLeader: .@RepStefanik: ""I just want to get it on record. In terms of defensive lethal aid, which you were an advocate for, that was‚Ä¶",2019-11-15 19:15:48
RT @RepAndyBiggsAZ: .@RepDevinNunes is exactly right: former Ambassador Yovanovitch should not be a witness at an impeachment hearing where‚Ä¶,2019-11-15 19:15:18
"RT @HouseGOP: Why is Chairman Schiff afraid of @RepStefanik?

Why doesn‚Äôt he want Republican members to ask questions?

Why is he conductin‚Ä¶",2019-11-15 19:14:46
RT @CongressmanHice: Quick reminder ‚Üí Ambassador Marie Yovanovitch is yet another person who wasn‚Äôt present on the July 25th call ‚Äì and tha‚Ä¶,2019-11-15 19:14:39
"RT @RepMarkMeadows: One thing to note:

Notice how, so far, the Democrats have been peppering the witness with questions asking her to spec‚Ä¶",2019-11-15 19:14:30
RT @RepDLamborn: This witness has absolutely no relevant information. She can't bring any first-hand knowledge of the events and was recall‚Ä¶,2019-11-15 19:14:24
"RT @RepSmucker: No matter how hard the media and the Democrats try to spin the hearings, these are the facts... #ImpeachingHearings #FactsM‚Ä¶",2019-11-15 19:14:20
....A double standard like never seen before in the history of our Country?,2019-11-15 17:13:57
"So they now convict Roger Stone of lying and want to jail him for many years to come. Well, what about Crooked Hill‚Ä¶ https://t.co/JAMq1fjRVz",2019-11-15 17:13:56
"Stock Market up big. New and Historic Record. Job, jobs, jobs!",2019-11-15 16:34:35
We have vacancies in various departments because we do not want or need as many people as past administrations (and‚Ä¶ https://t.co/GsZxGrOGUP,2019-11-15 16:21:55
https://t.co/qz1OfL56rg,2019-11-15 15:32:18
https://t.co/86HWwzDlEo,2019-11-15 15:32:15
https://t.co/ObHvebm4ry,2019-11-15 15:32:13
https://t.co/XE7ofTy7Sf,2019-11-15 15:27:43
https://t.co/0zTfpzHCNK,2019-11-15 15:18:03
"Another Record Stock Market, 21 times this year, despite an ongoing, &amp; totally unfounded, Witch Hunt, &amp; a Democrat‚Ä¶ https://t.co/gRAV8W5o7k",2019-11-15 15:17:45
....They call it ‚Äúserving at the pleasure of the President.‚Äù The U.S. now has a very strong and powerful foreign po‚Ä¶ https://t.co/D0ywsWUjAw,2019-11-15 15:01:44
"Everywhere Marie Yovanovitch went turned bad. She started off in Somalia, how did that go? Then fast forward to Ukr‚Ä¶ https://t.co/N6KQO9jBWS",2019-11-15 15:01:40
"......filth pouring into the Pacific Ocean is rapidly becoming an environmental hazard, is getting NOTHING DONE. Sh‚Ä¶ https://t.co/ZMRViDxg4B",2019-11-15 13:48:52
The Impeachment Witch Hunt should be over with the statement made last night by the President and Foreign Minister‚Ä¶ https://t.co/sbNUyq1ghc,2019-11-15 13:48:50
"....Ambassador Sondland did not tell us, and certainly did not tell me, about a connection between the assistance a‚Ä¶ https://t.co/y4aLvLfaXN",2019-11-15 04:52:17
Democrats must apologize to USA: Ukrainian Foreign Minister Vadym Prystaiko said that ‚ÄúUnited States Ambassador Gor‚Ä¶ https://t.co/Y7eTx5RCfK,2019-11-15 04:52:16
"This Saturday, the eyes of history are looking at the people of Louisiana. If you want to defend your values, your‚Ä¶ https://t.co/iArddZXufJ",2019-11-15 03:53:17
RT @DanScavino: https://t.co/tckvBQclps https://t.co/WKwdBxOkSb,2019-11-15 02:54:22
"RT @RepDougCollins: Great news for @GAPoultryFed, @chickencouncil, and poultry farmers across the country! Thank you @realDonaldTrump, @Sec‚Ä¶",2019-11-15 02:53:49
"RT @Jim_Jordan: TODAY the Ukrainian Foreign Minister, Vadym Prystaiko, verified what we already knew:

‚ÄúI have never seen a direct relation‚Ä¶",2019-11-15 02:52:38
"RT @Jim_Jordan: Calls &amp; meetings:

7/25‚ÄîCall between @POTUS and Zelensky
7/26‚ÄîVolker &amp; Taylor meet Zelensky
8/27‚ÄîJohn Bolton meets Zelensky‚Ä¶",2019-11-15 02:51:14
RT @Scavino45: ‚ÄúAdam Schiff is wasting the nation's time with impeachment hearings‚Äù https://t.co/DsPD85HNtg,2019-11-15 02:50:55
Getting ready to land in Louisiana to do Rally with Great Republican @EddieRispone for Governor. He will get your t‚Ä¶ https://t.co/WRsx8GlSdP,2019-11-15 00:28:02
"....We send our deepest condolences to the families and friends of those tragically lost, and we pray for the speed‚Ä¶ https://t.co/V4d7dDn6HG",2019-11-14 23:34:56
"We continue to monitor the terrible events at Saugus High School in Santa Clarita, California through our ongoing c‚Ä¶ https://t.co/EfzRdbOvkn",2019-11-14 23:34:55
Where‚Äôs the Fake Whistleblower?,2019-11-14 15:39:25
"....that the House Democrats have done since she‚Äôs become Speaker, other than chase Donald Trump.‚Äù This Impeachment‚Ä¶ https://t.co/p80sbKJ6ci",2019-11-14 15:28:28
"....anywhere, so we‚Äôve now had 3 years of the Democrats chasing Donald Trump. Nancy Pelosi‚Äôs worried about the Amer‚Ä¶ https://t.co/IsUpM0bVsw",2019-11-14 15:28:18
.@DanHenninger  WSJ: Nancy Pelosi had it right the first time when she did not want to go down the Impeachment path‚Ä¶ https://t.co/uI64avtp3L,2019-11-14 15:28:15
‚ÄúThat hearing was about a policy dispute.‚Äù Robert Ray. ‚ÄúRegular people watching this cannot conclude that the Presi‚Ä¶ https://t.co/2AI80BU3m8,2019-11-14 14:49:05
‚ÄúNeither one of the Democrat star witnesses at the Impeachment hearings could point out an impeachable offense. Tha‚Ä¶ https://t.co/jyyKeUkl4b,2019-11-14 14:37:52
Walmart announces great numbers. No impact from Tariffs (which are contributing $Billions to our Treasury). Inflati‚Ä¶ https://t.co/QreDGszf2V,2019-11-14 14:32:35
"Hit New Stock Market record again yesterday, the 20th time this year, with GREAT potential for the future. USA is w‚Ä¶ https://t.co/kidaZkYMUK",2019-11-14 13:44:07
".@RepRatcliffe asked the two ‚Äústar‚Äù witnesses, ‚Äúwhere is the impeachable event in that call?‚Äù Both stared straight‚Ä¶ https://t.co/PGv9NDBf6W",2019-11-14 11:54:17
RT @RepMarkMeadows: Brilliant job by my colleagues today on the Intel Committee. They clearly highlighted the gaping holes in the Democrats‚Ä¶,2019-11-14 11:41:12
RT @RepDougCollins: A live look into Ambassador Taylor‚Äôs testimony in the Schiff impeachment proceedings ‚Üí https://t.co/oiiUgkc8UG,2019-11-14 11:40:49
"RT @TeamTrump: President @realDonaldTrump: They‚Äôre using television lawyers. I‚Äôm not surprised to see it, Schiff can't ask his own question‚Ä¶",2019-11-14 11:33:06
RT @WhiteHouse: President @realDonaldTrump gave an update on relations with Turkey at the top of his meeting with President Erdogan. https:‚Ä¶,2019-11-14 11:29:47
"RT @TeamTrump: President @realDonaldTrump on the Democrat's hearing while he was meeting with the leader of Turkey: ""I would much rather fo‚Ä¶",2019-11-14 11:28:44
RT @JesseBWatters: This was a hearsay hearing. These witnesses have never met President @realdonaldtrump and they were not on the call. #Fo‚Ä¶,2019-11-14 11:27:52
RT @WhiteHouse: President @realDonaldTrump on today's sham hearing: https://t.co/AqaO0JNbCI,2019-11-14 11:27:38
"RT @JesseBWatters: IF The Ukrainian President was bribed by President @realdonaldtrump, He didn‚Äôt know he was being bribed, he didn‚Äôt say h‚Ä¶",2019-11-14 11:26:55
RT @WhiteHouse: If House Democrats were as committed to helping Americans succeed under President @realDonaldTrump as they are to tearing h‚Ä¶,2019-11-14 11:25:20
"Wow! Was just told that my son‚Äôs book, ‚ÄúTriggered,‚Äù is Number One on The New York Times Bestseller List. Congratulations Don!",2019-11-14 03:47:12
"RT @Scavino45: After the call - Ambassador Taylor met with Ukrainian President Volodymyr Zelensky the VERY NEXT DAY!

President Zelensky sa‚Ä¶",2019-11-14 03:39:06
"RT @Jim_Jordan: Mr. Kent affirmed Ukraine has a long-standing history of corruption. 

And President Trump was deeply skeptical of this cor‚Ä¶",2019-11-14 03:38:51
RT @Jim_Jordan: https://t.co/zODJMgmP5F,2019-11-14 03:38:35
RT @Scavino45: Moments ago.... https://t.co/XI41TPSHEp https://t.co/u5xlrDRx8p,2019-11-14 03:38:13
RT @Scavino45: https://t.co/QqoztunZQk,2019-11-14 03:37:56
RT @Scavino45: #ImpeachmentSHAM #SchiffShow https://t.co/DrR2s6vtRc,2019-11-14 03:37:43
RT @Scavino45: WOW! SOOO SAD!! Shifty Schiff cuts off @EliseStefanik for wanting to enter the actual transcript of the July 25th call betwe‚Ä¶,2019-11-14 03:36:59
"RT @Jim_Jordan: Aid was delayed by just 55 days.

During that time, we verified that President Zelensky was the real deal. https://t.co/TWJ‚Ä¶",2019-11-14 03:36:50
RT @Scavino45: Great question by @RepRatcliffe. No answer given. #ImpeachmentSham https://t.co/OVMGQGfzwU,2019-11-14 03:36:05
"RT @Scavino45: .@RepChrisStewart: 

‚ÄúWelcome to year 4 of the ongoing Impeachment of President @realDonaldTrump...If your Impeachment case‚Ä¶",2019-11-14 03:35:56
RT @Scavino45: ‚ÄúWe‚Äôve got six people having four conversations in one sentence - and you just told me this is where you got your clear unde‚Ä¶,2019-11-14 03:35:43
RT @Scavino45: ‚ÄúThis was an abject failure for the Democrats and for Adam Schiff.‚Äù @EliseStefanik https://t.co/LhIa0Q8Mb8,2019-11-14 03:35:40
Thank you @FranklinGraham. It is a time of ‚Äúshame‚Äù for our Country. The Democrats know what they are doing is wrong! https://t.co/O32ybh04vc,2019-11-14 03:32:36
"RT @SteveScalise: ""What I can do here for you today is tell you what I heard from people.""

The Dems' star witness just said he had no firs‚Ä¶",2019-11-13 21:04:14
RT @RepMarkMeadows: Listen to @Jim_Jordan review the unbelievable amount of hearsay these allegations are based on. Spread it far and wide.‚Ä¶,2019-11-13 21:04:07
"RT @GOPoversight: ‚Ä¢ No first-hand knowledge.
‚Ä¢ Never spoke to President Trump.
‚Ä¢ Never spoke to Rudy Giuliani.
‚Ä¢ Never spoke to Mick Mulvan‚Ä¶",2019-11-13 21:03:25
RT @GOPoversight: Days since @RepAdamSchiff learned the identity of the whistleblower: 93 https://t.co/lXmokHZ227,2019-11-13 21:03:14
"RT @HouseGOP: It‚Äôs NOT about the facts...

It‚Äôs NOT about fairness...

It‚Äôs NOT about finding the truth for the American people...

For Hou‚Ä¶",2019-11-13 21:03:10
"RT @GOPoversight: üì∫ WATCH: Democrats ask star witness about alleged quid pro quo. 

Star witness admits he has no first-hand knowledge of t‚Ä¶",2019-11-13 19:08:06
RT @Jim_Jordan: .@RepAdamSchiff is the ONLY member of Congress who knows the identity of the ‚ÄúWhistleblower‚Äù who started this entire sham.‚Ä¶,2019-11-13 19:08:00
"RT @RepMattGaetz: Their star witness knows nothing. 

#ImpeachmentHearings @Jim_Jordan https://t.co/djTTLkvNZo",2019-11-13 19:07:16
"RT @GOPoversight: WATCH: @RepAdamSchiff changes the rules in the middle of his #impeachment hearing. 

We're not surprised.

Schiff's impea‚Ä¶",2019-11-13 19:07:04
"RT @RepKevinBrady: Under @HouseGOP Majority, the @WaysandMeansGOP hearing room was used to improve the lives of Americans with things like‚Ä¶",2019-11-13 19:06:55
"RT @RepArrington: Today, @HouseDemocrats hijacked our @WaysMeansCmte hearing room for their political impeachment circus.

Their obsession‚Ä¶",2019-11-13 19:06:25
"RT @SteveScalise: Schiff has emerged from his bunker to put on a public show. But the facts haven't changed.
 
- @realDonaldTrump and Zelen‚Ä¶",2019-11-13 17:04:19
"RT @SteveScalise: Meet the ‚Äústar witnesses‚Äù Adam Schiff called today:

- Neither have any firsthand knowledge
- Neither spoke to @realDonal‚Ä¶",2019-11-13 17:04:08
"RT @TomFitton: If Schiff doesn't know who the ""whistleblower"" is -- how can he protect his identity.  Cover-up!",2019-11-13 17:02:41
"RT @RepLeeZeldin: Schiff isn‚Äôt even trying to hide it. He is the prosecutor, judge, jury, witness coach &amp; lead story teller of this kangaro‚Ä¶",2019-11-13 17:00:38
"RT @WhiteHouse: ""They're trying to stop me, because I'm fighting for you. And I'll never let that happen."" ‚Äî President @realDonaldTrump htt‚Ä¶",2019-11-13 16:58:15
https://t.co/FJ8gMdh5bX,2019-11-13 16:50:37
"RT @GOPLeader: .@Jim_Jordan to Chairman Schiff: ""Of the 435 members of Congress, you are the only Member who knows who the whistleblower is‚Ä¶",2019-11-13 16:36:57
"RT @GOPLeader: WATCH: 

@DevinNunes: ""After vowing publicly that impeachment requires bipartisan support, Democrats are pushing impeachment‚Ä¶",2019-11-13 16:36:49
"RT @HouseGOP: Adam Schiff just claimed he doesn't know the whistleblower's identity.

He deliberately mislead the public about his office's‚Ä¶",2019-11-13 16:36:40
"RT @GOPoversight: FACT CHECK: Neither Ambassador Taylor nor George Kent have first-hand knowledge of a quid pro quo from the President. 

W‚Ä¶",2019-11-13 16:36:34
"RT @RepMarkMeadows: Reminder: the Chairman was caught misleading a reporter about communication with the whistleblower, barely four weeks a‚Ä¶",2019-11-13 16:36:28
"RT @GOPLeader: This üëè is üëè a üëè sham üëè
‚Üí Democrats are refusing access to important witnesses.
‚Üí The President's legal counsel is not allowe‚Ä¶",2019-11-13 16:36:11
"RT @RepLizCheney: Just minutes after President Trump took his oath of office on Inauguration Day 2017, the Washington Post ran a piece ushe‚Ä¶",2019-11-13 16:36:02
"RT @RepJimBanks: Today, America will see one party try and overturn the constitutional election of a president of the United States of Amer‚Ä¶",2019-11-13 16:35:55
"RT @RepMarkMeadows: 4 inconvenient facts for the Democrat impeachment fantasy:

- Call transcript shows zero link between aid and political‚Ä¶",2019-11-13 16:35:41
"RT @GOPoversight: .@RepAdamSchiff's sham #impeachment hearings begin today. 

But make no mistake, Democrats have been out to get the Presi‚Ä¶",2019-11-13 16:35:27
RT @WhiteHouse: New hoax. Same swamp. https://t.co/6byw3BVxFR,2019-11-13 16:08:54
READ THE TRANSCRIPT!,2019-11-13 13:30:55
NEVER TRUMPERS!,2019-11-13 13:30:31
"....any laws or did anything wrong, and they have to move away from quid pro quo because there was no quid, and the‚Ä¶ https://t.co/mFAufTPQBZ",2019-11-13 13:18:10
"...the most powerful tool the legislative branch has, Impeachment, &amp; they‚Äôve turned it into a political cudgel, whi‚Ä¶ https://t.co/KBxjfaCgoE",2019-11-13 13:18:08
‚ÄúNancy Pelosi cares more about power than she does about principle. She did not want to go down this road. She real‚Ä¶ https://t.co/TsEw7G2SiO,2019-11-13 13:18:05
The Democrats have stacked the deck against President Trump and the Republicans. They have leaked out everything. @SteveDoocy @foxandfriends,2019-11-13 12:11:42
"‚ÄúMillions of Americans will see what a partisan sham this whole thing is.‚Äù Rush Limbaugh @foxandfriends  Also, why‚Ä¶ https://t.co/M291UJuFJv",2019-11-13 12:03:03
RT @DanScavino: https://t.co/BwfxXfm983,2019-11-13 03:40:50
"....to hurt Donald Trump and we, the people that support him. The Left has never accepted the results of the 2016 E‚Ä¶ https://t.co/kkWiy9nG8a",2019-11-13 03:33:45
"....This is a phony showtrial. There is zero due process, none. It is yet another fraudulent hoax conspiracy theory‚Ä¶ https://t.co/QlTDRrq4zG",2019-11-13 03:33:45
"‚ÄúThe circus is coming to town. The corrupt, compromised, coward &amp; congenital liar Adam Schiff Show on Capital Hill,‚Ä¶ https://t.co/awn8Cwz8mn",2019-11-13 03:33:44
"‚ÄúThis ridiculous Impeachment is a travesty, it‚Äôs not an inquiry. Just read the transcript.‚Äù @LouDobbs",2019-11-13 01:34:03
"DACA recipients with arrest records: 53,792! That is a very large proportion of the total. @LouDobbs  Not good, but‚Ä¶ https://t.co/slMxe1I0u7",2019-11-13 00:43:06
RT @IvankaTrump: It is an honor to serve our great Country and fight for America‚Äôs workers! üá∫üá∏ https://t.co/ZAhfkqDII8,2019-11-13 00:38:17
"RT @VP: Communities of faith play a vital role in adoption. Under President @realDonaldTrump, we will stand for the freedom of religion and‚Ä¶",2019-11-13 00:38:05
"RT @WhiteHouse: Under President @realDonaldTrump, unemployment hit its lowest rate in 51 YEARS! Blue-collar jobs are leading the way. üí™ htt‚Ä¶",2019-11-12 20:27:14
"RT @TeamTrump: President @realDonaldTrump tells @EconClubNY ""The best is yet to come"" https://t.co/Au4vD5ADU2",2019-11-12 20:26:58
RT @TeamTrump: President @realDonaldTrump gives a shout-out to @IvankaTrump for her incredible work on #PledgetoAmericasWorkers https://t.c‚Ä¶,2019-11-12 20:26:40
"RT @WhiteHouse: Newt Gingrich: ""What you have is a coup being orchestrated by left-wingers in the bureaucracy, left-wingers in the news med‚Ä¶",2019-11-12 18:45:19
A total Impeachment Scam by the Do Nothing Democrats! https://t.co/aFTQe293JF,2019-11-12 15:41:35
"Many of the people in DACA, no longer very young, are far from ‚Äúangels.‚Äù Some are very tough, hardened criminals. P‚Ä¶ https://t.co/YpBQiUk0vL",2019-11-12 11:45:28
Economy is BOOMING. Seems set to have yet another record day!,2019-11-12 11:32:57
"I will be releasing the transcript of the first, and therefore more important, phone call with the Ukrainian President before week‚Äôs end!",2019-11-12 11:31:21
