date,tweet
11/10/2019 18:14,U know I keep that gas but I am sippin on some oil $low https://t.co/QY6AdwDQzQ
11/10/2019 18:14,U know I keep that gas but I am sippin on some oil $low https://t.co/QY6AdwDQzQ
11/10/2019 18:14,U know I keep that gas but I am sippin on some oil $low https://t.co/QY6AdwDQzQ
11/10/2019 23:48,"2019 Dividend Champions List
133 U.S. Companies with 25+ Consecutive Years of Dividend Increases!â€¦ https://t.co/M5p9IPrSdC"
11/10/2019 23:48,"2019 Dividend Champions List
133 U.S. Companies with 25+ Consecutive Years of Dividend Increases!â€¦ https://t.co/M5p9IPrSdC"
11/10/2019 23:48,"2019 Dividend Champions List
133 U.S. Companies with 25+ Consecutive Years of Dividend Increases!â€¦ https://t.co/M5p9IPrSdC"
11/11/2019 0:33,"Iâ€™ll be damn if I donâ€™t make a bag, thinking $low, living fa$t"
11/11/2019 0:33,"Iâ€™ll be damn if I donâ€™t make a bag, thinking $low, living fa$t"
11/11/2019 1:33,"RT @TheBroReginald: Iâ€™ll be damn if I donâ€™t make a bag, thinking $low, living fa$t"
11/11/2019 1:33,"RT @TheBroReginald: Iâ€™ll be damn if I donâ€™t make a bag, thinking $low, living fa$t"
11/11/2019 1:45,Loweâ€™s Companies $LOW Coverage Initiated by Analysts at Nomura https://t.co/hPUPoItgwg
11/11/2019 1:45,Loweâ€™s Companies $LOW Coverage Initiated by Analysts at Nomura https://t.co/hPUPoItgwg
11/11/2019 5:38,"New trade alert in $LOW

Log in at https://t.co/emYu9xWnR8 for more info! https://t.co/PE5SSEEUBc"
11/11/2019 5:38,"New trade alert in $LOW

Log in at https://t.co/emYu9xWnR8 for more info! https://t.co/PE5SSEEUBc"
11/11/2019 9:46,"$FOR $A $GUT
$IT $SEE $MR $LOW $FOR $SEAS
$MMM!"
11/11/2019 9:46,"$FOR $A $GUT
$IT $SEE $MR $LOW $FOR $SEAS
$MMM!"
11/11/2019 10:06,"$LOW's price moved above its 50-day Moving Average on October 30, 2019. View odds for this and other indicators:â€¦ https://t.co/Q8BvMxxJkB"
11/11/2019 10:06,"$LOW's price moved above its 50-day Moving Average on October 30, 2019. View odds for this and other indicators:â€¦ https://t.co/Q8BvMxxJkB"
11/11/2019 11:19,"$I $TAP $LOW
$I $DO $KATE $AT $SEAS
$IM $ALL $ADS"
11/11/2019 11:19,"$I $TAP $LOW
$I $DO $KATE $AT $SEAS
$IM $ALL $ADS"
11/11/2019 12:03,"$LOW $FL $WMT $DG:

Factors Setting the Tone for Walmartâ€™s (WMT) Q3 Earnings:

https://t.co/lDRzxX7L4E"
11/11/2019 12:03,"$LOW $FL $WMT $DG:

Factors Setting the Tone for Walmartâ€™s (WMT) Q3 Earnings:

https://t.co/lDRzxX7L4E"
11/11/2019 12:34,"$DLB $LOW $SR $PDD:

Dolby (DLB) to Report Q4 Earnings: Whatâ€™s in the Offing?:

https://t.co/TIQ7D8q75y"
11/11/2019 12:34,"$DLB $LOW $SR $PDD:

Dolby (DLB) to Report Q4 Earnings: Whatâ€™s in the Offing?:

https://t.co/TIQ7D8q75y"
11/11/2019 12:47,"$I $SWAY $LOW
$BWA!
$YUM!"
11/11/2019 12:47,"$I $SWAY $LOW
$BWA!
$YUM!"
11/11/2019 13:05,"$HD $LOW $ROST $WMT:

Factors Setting the Tone for Home Depot (HD) in Q3 Earnings:

https://t.co/IfCG4lcXsT"
11/11/2019 13:05,"$HD $LOW $ROST $WMT:

Factors Setting the Tone for Home Depot (HD) in Q3 Earnings:

https://t.co/IfCG4lcXsT"
11/11/2019 13:34,$HD short % to float is 36.26% https://t.co/BKFgkMmKWm $LOW 1.06% $LL 36.26%
11/11/2019 13:34,$HD short % to float is 36.26% https://t.co/BKFgkMmKWm $LOW 1.06% $LL 36.26%
11/11/2019 14:30,Some #people #might not have a lot but #appear to be #very #prideful because of their #core #values and #selflessâ€¦ https://t.co/XkLRNU5pzW
11/11/2019 14:30,Some #people #might not have a lot but #appear to be #very #prideful because of their #core #values and #selflessâ€¦ https://t.co/XkLRNU5pzW
11/11/2019 14:33,"$LOW $WMT $ROST $TGT:

The Zacks Analyst Blog Highlights: Walmart, Loweâ€™s, Ross Stores and Target:

https://t.co/OhGisWUkkL"
11/11/2019 14:33,"$LOW $WMT $ROST $TGT:

The Zacks Analyst Blog Highlights: Walmart, Loweâ€™s, Ross Stores and Target:

https://t.co/OhGisWUkkL"
11/11/2019 15:15,RT @NeoMagic_Corp: Open your online store (FREE ðŸ†“ ) on https://t.co/EIcwSAiPzz start selling and get paid MAS! $NMGC @MERCADOMAGICO â–¶ httpsâ€¦
11/11/2019 15:15,RT @NeoMagic_Corp: Open your online store (FREE ðŸ†“ ) on https://t.co/EIcwSAiPzz start selling and get paid MAS! $NMGC @MERCADOMAGICO â–¶ httpsâ€¦
11/11/2019 15:32,Get to know the consumer discretionary sector #ETF $XLY. Top holdings include $AMZN $HD $MCD $NKE $SBUX $LOW $BKNGâ€¦ https://t.co/7RctdMODP4
11/11/2019 15:32,Get to know the consumer discretionary sector #ETF $XLY. Top holdings include $AMZN $HD $MCD $NKE $SBUX $LOW $BKNGâ€¦ https://t.co/7RctdMODP4
11/11/2019 15:36,"17/A retail risk-on vs. risk-off chart

In a risk on scenario, expect the discretionary co's $KSS $LB $LAD $GM to oâ€¦ https://t.co/FHo51VMlmo"
11/11/2019 15:36,"17/A retail risk-on vs. risk-off chart

In a risk on scenario, expect the discretionary co's $KSS $LB $LAD $GM to oâ€¦ https://t.co/FHo51VMlmo"
11/11/2019 17:05,The Top 10 Nasdaq-100 tickers by options volume vs normal volume are $TME $HUM $UPRO $NTAP $SEAS $ATUS $BAX $DXCâ€¦ https://t.co/PnvinAlO5c
11/11/2019 17:05,The Top 10 Nasdaq-100 tickers by options volume vs normal volume are $TME $HUM $UPRO $NTAP $SEAS $ATUS $BAX $DXCâ€¦ https://t.co/PnvinAlO5c
11/11/2019 17:05,The Top 10 Nasdaq-100 tickers by options volume vs normal volume are $TME $HUM $UPRO $NTAP $SEAS $ATUS $BAX $DXCâ€¦ https://t.co/PnvinAlO5c
11/11/2019 17:10,"$MAGP .006 new website up. Was reinstated last month on DE SOS after 11 years ~  200M O/S .

http:/  $MAGP $PRFCâ€¦ https://t.co/dYWWkcNrSH"
11/11/2019 17:10,"$MAGP .006 new website up. Was reinstated last month on DE SOS after 11 years ~  200M O/S .

http:/  $MAGP $PRFCâ€¦ https://t.co/dYWWkcNrSH"
11/11/2019 17:10,"$MAGP .006 new website up. Was reinstated last month on DE SOS after 11 years ~  200M O/S .

http:/  $MAGP $PRFCâ€¦ https://t.co/dYWWkcNrSH"
11/11/2019 17:23,"A Beginnerâ€™s Guide to Stock Investing. 

On Amazon. 

Link: https://t.co/Nm3L7G4Zzw 

$CWH $PBR $HDP $XENT $DNBâ€¦ https://t.co/Ei9kNx6nAa"
11/11/2019 17:23,"A Beginnerâ€™s Guide to Stock Investing. 

On Amazon. 

Link: https://t.co/Nm3L7G4Zzw 

$CWH $PBR $HDP $XENT $DNBâ€¦ https://t.co/Ei9kNx6nAa"
11/11/2019 17:23,"A Beginnerâ€™s Guide to Stock Investing. 

On Amazon. 

Link: https://t.co/Nm3L7G4Zzw 

$CWH $PBR $HDP $XENT $DNBâ€¦ https://t.co/Ei9kNx6nAa"
11/11/2019 17:32,"High #Options Volume Today in $TME, $HUM, $UPRO, $NTAP, $SEAS, $ATUS, $BAX, $DXC, $GWPH and $LOW from @optionrats at https://t.co/vUVSVfoPw9"
11/11/2019 17:32,"High #Options Volume Today in $TME, $HUM, $UPRO, $NTAP, $SEAS, $ATUS, $BAX, $DXC, $GWPH and $LOW from @optionrats at https://t.co/vUVSVfoPw9"
11/11/2019 17:32,"High #Options Volume Today in $TME, $HUM, $UPRO, $NTAP, $SEAS, $ATUS, $BAX, $DXC, $GWPH and $LOW from @optionrats at https://t.co/vUVSVfoPw9"
11/11/2019 17:59,The top 10 Nasdaq-100 tickers by options volume vs normal volume are $TME $HUM $UPRO $NTAP $SEAS $ATUS $BAX $DXCâ€¦ https://t.co/gXuOza5jGJ
11/11/2019 17:59,The top 10 Nasdaq-100 tickers by options volume vs normal volume are $TME $HUM $UPRO $NTAP $SEAS $ATUS $BAX $DXCâ€¦ https://t.co/gXuOza5jGJ
11/11/2019 17:59,The top 10 Nasdaq-100 tickers by options volume vs normal volume are $TME $HUM $UPRO $NTAP $SEAS $ATUS $BAX $DXCâ€¦ https://t.co/gXuOza5jGJ
11/11/2019 18:18,$ARST 003 OVERSOLD. BOUNCING 52WKHIGH $1.48ðŸ’¸ $LOW $TWTR $LLY $ABMD $RHT $MCD $TTWO $UTX $CL $DWDP $PEP $PYPL $CELGâ€¦ https://t.co/VcKMAKkCKG
11/11/2019 18:18,$ARST 003 OVERSOLD. BOUNCING 52WKHIGH $1.48ðŸ’¸ $LOW $TWTR $LLY $ABMD $RHT $MCD $TTWO $UTX $CL $DWDP $PEP $PYPL $CELGâ€¦ https://t.co/VcKMAKkCKG
11/11/2019 18:18,$ARST 003 OVERSOLD. BOUNCING 52WKHIGH $1.48ðŸ’¸ $LOW $TWTR $LLY $ABMD $RHT $MCD $TTWO $UTX $CL $DWDP $PEP $PYPL $CELGâ€¦ https://t.co/VcKMAKkCKG
11/11/2019 19:03,You willing to fly 737 max after it coming back? $spy $dia $uco $gld $iwm $ezu $fxi $xle $xlf $xlk $xlp $xly $xluâ€¦ https://t.co/B39bdXR6Fd
11/11/2019 19:03,You willing to fly 737 max after it coming back? $spy $dia $uco $gld $iwm $ezu $fxi $xle $xlf $xlk $xlp $xly $xluâ€¦ https://t.co/B39bdXR6Fd
11/11/2019 19:03,You willing to fly 737 max after it coming back? $spy $dia $uco $gld $iwm $ezu $fxi $xle $xlf $xlk $xlp $xly $xluâ€¦ https://t.co/B39bdXR6Fd
11/11/2019 20:20,"$I $AM $LOW
$I $AM $TEN
$TAP $MR $HOT $OUT $MEN"
11/11/2019 20:20,"$I $AM $LOW
$I $AM $TEN
$TAP $MR $HOT $OUT $MEN"
11/11/2019 20:20,"$I $AM $LOW
$I $AM $TEN
$TAP $MR $HOT $OUT $MEN"
11/11/2019 21:35,NICE CLOSE TODAY &gt; LOW FLOAT HUGE MEGA RUN TOMORROW   $RUN $LOW https://t.co/SgcvBNPTfn
11/11/2019 21:35,NICE CLOSE TODAY &gt; LOW FLOAT HUGE MEGA RUN TOMORROW   $RUN $LOW https://t.co/SgcvBNPTfn
11/11/2019 21:35,NICE CLOSE TODAY &gt; LOW FLOAT HUGE MEGA RUN TOMORROW   $RUN $LOW https://t.co/SgcvBNPTfn
11/11/2019 21:43,$.02-.04 TARGET HERE WITH THIS LOW FLOAT!   $LOW https://t.co/bcKSHibgGx
11/11/2019 21:43,$.02-.04 TARGET HERE WITH THIS LOW FLOAT!   $LOW https://t.co/bcKSHibgGx
11/11/2019 21:43,$.02-.04 TARGET HERE WITH THIS LOW FLOAT!   $LOW https://t.co/bcKSHibgGx
11/11/2019 22:00,"Mon (11/11/19) trading range &gt; 95% (Min $5, Vol &gt; 750K, Opt Vol in any strike &gt; 500): $DHI $CARB $LULU $BZUN $JWNâ€¦ https://t.co/cElrSe4lq1"
11/11/2019 22:00,"Mon (11/11/19) trading range &gt; 95% (Min $5, Vol &gt; 750K, Opt Vol in any strike &gt; 500): $DHI $CARB $LULU $BZUN $JWNâ€¦ https://t.co/cElrSe4lq1"
11/11/2019 22:00,"Mon (11/11/19) trading range &gt; 95% (Min $5, Vol &gt; 750K, Opt Vol in any strike &gt; 500): $DHI $CARB $LULU $BZUN $JWNâ€¦ https://t.co/cElrSe4lq1"
11/11/2019 22:00,"TTG #Market Recap Video:  https://t.co/e6JJYfhBua 

- reviewing the technicals in $ES_F $SPX and thoughts ahead
- tâ€¦ https://t.co/gfB0dY1wDU"
11/11/2019 22:00,"TTG #Market Recap Video:  https://t.co/e6JJYfhBua 

- reviewing the technicals in $ES_F $SPX and thoughts ahead
- tâ€¦ https://t.co/gfB0dY1wDU"
11/11/2019 22:00,"TTG #Market Recap Video:  https://t.co/e6JJYfhBua 

- reviewing the technicals in $ES_F $SPX and thoughts ahead
- tâ€¦ https://t.co/gfB0dY1wDU"
11/11/2019 22:04,$WTRH BOUNCIN AFTERHOURS SMART MONEY LOADINðŸ’¸ $LOW $TWTR $LLY $ABMD $RHT $MCD $TTWO $UTX $CL $DWDP $PEP $PYPL $CELGâ€¦ https://t.co/5NWULeJzI7
11/11/2019 22:04,$WTRH BOUNCIN AFTERHOURS SMART MONEY LOADINðŸ’¸ $LOW $TWTR $LLY $ABMD $RHT $MCD $TTWO $UTX $CL $DWDP $PEP $PYPL $CELGâ€¦ https://t.co/5NWULeJzI7
11/11/2019 22:04,$WTRH BOUNCIN AFTERHOURS SMART MONEY LOADINðŸ’¸ $LOW $TWTR $LLY $ABMD $RHT $MCD $TTWO $UTX $CL $DWDP $PEP $PYPL $CELGâ€¦ https://t.co/5NWULeJzI7
11/11/2019 23:15,"Day In Review 11/11

Full Video: https://t.co/6AQ4WVoPOk

https://t.co/6ApU6Begvi 

$AAPL $AMD $AMZN $AZO $BA $BABAâ€¦ https://t.co/YpoJekeC6M"
11/11/2019 23:15,"Day In Review 11/11

Full Video: https://t.co/6AQ4WVoPOk

https://t.co/6ApU6Begvi 

$AAPL $AMD $AMZN $AZO $BA $BABAâ€¦ https://t.co/YpoJekeC6M"
11/11/2019 23:15,"Day In Review 11/11

Full Video: https://t.co/6AQ4WVoPOk

https://t.co/6ApU6Begvi 

$AAPL $AMD $AMZN $AZO $BA $BABAâ€¦ https://t.co/YpoJekeC6M"
11/11/2019 23:18,"RT @breadboxalerts: Day In Review 11/11

Full Video: https://t.co/6AQ4WVoPOk

https://t.co/6ApU6Begvi 

$AAPL $AMD $AMZN $AZO $BA $BABA $BYâ€¦"
11/11/2019 23:18,"RT @breadboxalerts: Day In Review 11/11

Full Video: https://t.co/6AQ4WVoPOk

https://t.co/6ApU6Begvi 

$AAPL $AMD $AMZN $AZO $BA $BABA $BYâ€¦"
11/11/2019 23:18,"RT @breadboxalerts: Day In Review 11/11

Full Video: https://t.co/6AQ4WVoPOk

https://t.co/6ApU6Begvi 

$AAPL $AMD $AMZN $AZO $BA $BABA $BYâ€¦"
11/11/2019 23:25,"RT @breadboxalerts: Day In Review 11/11

Full Video: https://t.co/6AQ4WVoPOk

https://t.co/6ApU6Begvi 

$AAPL $AMD $AMZN $AZO $BA $BABA $BYâ€¦"
11/11/2019 23:25,"RT @breadboxalerts: Day In Review 11/11

Full Video: https://t.co/6AQ4WVoPOk

https://t.co/6ApU6Begvi 

$AAPL $AMD $AMZN $AZO $BA $BABA $BYâ€¦"
11/11/2019 23:25,"RT @breadboxalerts: Day In Review 11/11

Full Video: https://t.co/6AQ4WVoPOk

https://t.co/6ApU6Begvi 

$AAPL $AMD $AMZN $AZO $BA $BABA $BYâ€¦"
11/11/2019 23:25,"RT @breadboxalerts: Day In Review 11/11

Full Video: https://t.co/6AQ4WVoPOk

https://t.co/6ApU6Begvi 

$AAPL $AMD $AMZN $AZO $BA $BABA $BYâ€¦"
11/11/2019 23:25,"RT @breadboxalerts: Day In Review 11/11

Full Video: https://t.co/6AQ4WVoPOk

https://t.co/6ApU6Begvi 

$AAPL $AMD $AMZN $AZO $BA $BABA $BYâ€¦"
11/11/2019 23:25,"RT @breadboxalerts: Day In Review 11/11

Full Video: https://t.co/6AQ4WVoPOk

https://t.co/6ApU6Begvi 

$AAPL $AMD $AMZN $AZO $BA $BABA $BYâ€¦"
11/11/2019 23:25,"RT @breadboxalerts: Day In Review 11/11

Full Video: https://t.co/6AQ4WVoPOk

https://t.co/6ApU6Begvi 

$AAPL $AMD $AMZN $AZO $BA $BABA $BYâ€¦"
11/11/2019 23:25,"RT @breadboxalerts: Day In Review 11/11

Full Video: https://t.co/6AQ4WVoPOk

https://t.co/6ApU6Begvi 

$AAPL $AMD $AMZN $AZO $BA $BABA $BYâ€¦"
11/11/2019 23:25,"RT @breadboxalerts: Day In Review 11/11

Full Video: https://t.co/6AQ4WVoPOk

https://t.co/6ApU6Begvi 

$AAPL $AMD $AMZN $AZO $BA $BABA $BYâ€¦"
11/11/2019 23:26,"RT @breadboxalerts: Day In Review 11/11

Full Video: https://t.co/6AQ4WVoPOk

https://t.co/6ApU6Begvi 

$AAPL $AMD $AMZN $AZO $BA $BABA $BYâ€¦"
11/11/2019 23:26,"RT @breadboxalerts: Day In Review 11/11

Full Video: https://t.co/6AQ4WVoPOk

https://t.co/6ApU6Begvi 

$AAPL $AMD $AMZN $AZO $BA $BABA $BYâ€¦"
11/11/2019 23:26,"RT @breadboxalerts: Day In Review 11/11

Full Video: https://t.co/6AQ4WVoPOk

https://t.co/6ApU6Begvi 

$AAPL $AMD $AMZN $AZO $BA $BABA $BYâ€¦"
11/11/2019 23:26,"RT @breadboxalerts: Day In Review 11/11

Full Video: https://t.co/6AQ4WVoPOk

https://t.co/6ApU6Begvi 

$AAPL $AMD $AMZN $AZO $BA $BABA $BYâ€¦"
11/11/2019 23:26,"RT @breadboxalerts: Day In Review 11/11

Full Video: https://t.co/6AQ4WVoPOk

https://t.co/6ApU6Begvi 

$AAPL $AMD $AMZN $AZO $BA $BABA $BYâ€¦"
11/11/2019 23:26,"RT @breadboxalerts: Day In Review 11/11

Full Video: https://t.co/6AQ4WVoPOk

https://t.co/6ApU6Begvi 

$AAPL $AMD $AMZN $AZO $BA $BABA $BYâ€¦"
11/11/2019 23:48,"Claim FREE Quantum for watching videos â€“ current returns: 0.0705 $QTUM daily

https://t.co/8QFwIXaBAH

$CRT $420Gâ€¦ https://t.co/HaZx8Ji94B"
11/11/2019 23:48,"Claim FREE Quantum for watching videos â€“ current returns: 0.0705 $QTUM daily

https://t.co/8QFwIXaBAH

$CRT $420Gâ€¦ https://t.co/HaZx8Ji94B"
11/11/2019 23:48,"Claim FREE Quantum for watching videos â€“ current returns: 0.0705 $QTUM daily

https://t.co/8QFwIXaBAH

$CRT $420Gâ€¦ https://t.co/HaZx8Ji94B"
11/11/2019 23:59,"RT @breadboxalerts: Day In Review 11/11

Full Video: https://t.co/6AQ4WVoPOk

https://t.co/6ApU6Begvi 

$AAPL $AMD $AMZN $AZO $BA $BABA $BYâ€¦"
11/11/2019 23:59,"RT @breadboxalerts: Day In Review 11/11

Full Video: https://t.co/6AQ4WVoPOk

https://t.co/6ApU6Begvi 

$AAPL $AMD $AMZN $AZO $BA $BABA $BYâ€¦"
11/11/2019 23:59,"RT @breadboxalerts: Day In Review 11/11

Full Video: https://t.co/6AQ4WVoPOk

https://t.co/6ApU6Begvi 

$AAPL $AMD $AMZN $AZO $BA $BABA $BYâ€¦"
11/12/2019 0:26,$WTRH BOUNCING AFTERHOURS SHORT SQUEEZE!ðŸ’¸ðŸ“ˆ $LOW $TWTR $LLY $ABMD $RHT $MCD $TTWO $UTX $CL $DWDP $PEP $PYPL $CELGâ€¦ https://t.co/xxUFHDC4Pj
11/12/2019 0:26,$WTRH BOUNCING AFTERHOURS SHORT SQUEEZE!ðŸ’¸ðŸ“ˆ $LOW $TWTR $LLY $ABMD $RHT $MCD $TTWO $UTX $CL $DWDP $PEP $PYPL $CELGâ€¦ https://t.co/xxUFHDC4Pj
11/12/2019 3:16,"Claim FREE Clam for watching videos â€“ current returns: 0.1596 $CLAM daily

https://t.co/utnWVouYRq

$VERI $ATMâ€¦ https://t.co/v7UPMQGfz6"
11/12/2019 3:16,"Claim FREE Clam for watching videos â€“ current returns: 0.1596 $CLAM daily

https://t.co/utnWVouYRq

$VERI $ATMâ€¦ https://t.co/v7UPMQGfz6"
11/12/2019 3:36,"Mon (11/11/19) breakout above 20-day price channel with close .10 &gt; high 1 day ago &amp; trading range &gt; 80% (Min $5, Dâ€¦ https://t.co/InwsZ7Z2Yt"
11/12/2019 3:36,"Mon (11/11/19) breakout above 20-day price channel with close .10 &gt; high 1 day ago &amp; trading range &gt; 80% (Min $5, Dâ€¦ https://t.co/InwsZ7Z2Yt"
11/12/2019 5:26,#Watchlist 11/05 $AAPL $ADBE $AMD $AMZN $BA $BABA $BYND $CAT $CMG $DIS $FB $FDX $GOOGL $HD $IWM $JPM $LMT $LOWâ€¦ https://t.co/j76fvXUDog
11/12/2019 5:26,#Watchlist 11/05 $AAPL $ADBE $AMD $AMZN $BA $BABA $BYND $CAT $CMG $DIS $FB $FDX $GOOGL $HD $IWM $JPM $LMT $LOWâ€¦ https://t.co/j76fvXUDog
11/12/2019 5:47,#Watchlist 11/12 $AAPL $ADBE $AMD $AMZN $BA $BABA $BYND $CAT $CMG $DIS $FB $FDX $GOOGL $HD $IWM $JPM $LMT $LOWâ€¦ https://t.co/KspteRi1j8
11/12/2019 5:47,#Watchlist 11/12 $AAPL $ADBE $AMD $AMZN $BA $BABA $BYND $CAT $CMG $DIS $FB $FDX $GOOGL $HD $IWM $JPM $LMT $LOWâ€¦ https://t.co/KspteRi1j8
11/12/2019 7:46,4 Retail Giants Poised to Beat Earnings Estimates This Month $LOW $ROST $WMT $TGT https://t.co/QDBIA3OV9C
11/12/2019 7:46,4 Retail Giants Poised to Beat Earnings Estimates This Month $LOW $ROST $WMT $TGT https://t.co/QDBIA3OV9C
11/12/2019 8:25,"$LOW #Lowes Cos. LOW - Embedded Expectations Analysis - 2019 11 12: Lowe's Companies, Inc. (LOW:USA) currently tradâ€¦ https://t.co/Sd90wICjwX"
11/12/2019 8:25,"$LOW #Lowes Cos. LOW - Embedded Expectations Analysis - 2019 11 12: Lowe's Companies, Inc. (LOW:USA) currently tradâ€¦ https://t.co/Sd90wICjwX"
11/12/2019 8:27,https://t.co/vwZhlI9dTr $GPRO $STAF $PRTHW $REGN $FREL $OSBC $LNTH $CMCSA $LOW $HWCPL $VEGA $UMH $VER-F $BSJL $CEZâ€¦ https://t.co/3BW4ShEiLr
11/12/2019 8:27,https://t.co/vwZhlI9dTr $GPRO $STAF $PRTHW $REGN $FREL $OSBC $LNTH $CMCSA $LOW $HWCPL $VEGA $UMH $VER-F $BSJL $CEZâ€¦ https://t.co/3BW4ShEiLr
11/12/2019 8:47,"RT @cfromhertz: TTG #Market Recap Video:  https://t.co/e6JJYfhBua 

- reviewing the technicals in $ES_F $SPX and thoughts ahead
- today's tâ€¦"
11/12/2019 8:47,"RT @cfromhertz: TTG #Market Recap Video:  https://t.co/e6JJYfhBua 

- reviewing the technicals in $ES_F $SPX and thoughts ahead
- today's tâ€¦"
11/12/2019 8:53,"RT @cfromhertz: TTG #Market Recap Video:  https://t.co/e6JJYfhBua 

- reviewing the technicals in $ES_F $SPX and thoughts ahead
- today's tâ€¦"
11/12/2019 8:53,"RT @cfromhertz: TTG #Market Recap Video:  https://t.co/e6JJYfhBua 

- reviewing the technicals in $ES_F $SPX and thoughts ahead
- today's tâ€¦"
11/12/2019 8:59,RT @newsfilterio: 4 Retail Giants Poised to Beat Earnings Estimates This Month $LOW $ROST $WMT $TGT https://t.co/QDBIA3OV9C
11/12/2019 8:59,RT @newsfilterio: 4 Retail Giants Poised to Beat Earnings Estimates This Month $LOW $ROST $WMT $TGT https://t.co/QDBIA3OV9C
11/12/2019 10:23,"$LOW's price moved above its 50-day Moving Average on October 30, 2019. View odds for this and other indicators:â€¦ https://t.co/mS31Qb1PZE"
11/12/2019 10:23,"$LOW's price moved above its 50-day Moving Average on October 30, 2019. View odds for this and other indicators:â€¦ https://t.co/mS31Qb1PZE"
11/12/2019 11:47,"$IM $LOW
$HUBS $ARE $FOR $A $QUAD
$HE $FLY $TEN $KEYS"
11/12/2019 11:47,"$IM $LOW
$HUBS $ARE $FOR $A $QUAD
$HE $FLY $TEN $KEYS"
11/12/2019 12:10,"$LOW - Last six months, 29 option alerts peaked above 100% after they were triggered by the algoâ€¦ https://t.co/r6vEAGGgr6"
11/12/2019 12:10,"$LOW - Last six months, 29 option alerts peaked above 100% after they were triggered by the algoâ€¦ https://t.co/r6vEAGGgr6"
11/12/2019 12:18,"$LOW - View historical options performance for LOW 
https://t.co/XoCF6WUk4i https://t.co/41D0zvQPoT"
11/12/2019 12:18,"$LOW - View historical options performance for LOW 
https://t.co/XoCF6WUk4i https://t.co/41D0zvQPoT"
11/12/2019 12:30,Peak profit for the last 6 expired option alerts for $LOW 55.74 % | 7.45 % | 49.04 % | 28.57 % | 113.71 % | 136.26â€¦ https://t.co/xzrUdVyJwa
11/12/2019 12:30,Peak profit for the last 6 expired option alerts for $LOW 55.74 % | 7.45 % | 49.04 % | 28.57 % | 113.71 % | 136.26â€¦ https://t.co/xzrUdVyJwa
11/12/2019 13:15,$WTRH BOUNCING premarket SHORT SQUEEZE!ðŸ’¸ðŸ“ˆ $LOW $TWTR $LLY $ABMD $RHT $MCD $TTWO $UTX $CL $DWDP $PEP $PYPL $CELGâ€¦ https://t.co/y3zWFlGk0z
11/12/2019 13:15,$WTRH BOUNCING premarket SHORT SQUEEZE!ðŸ’¸ðŸ“ˆ $LOW $TWTR $LLY $ABMD $RHT $MCD $TTWO $UTX $CL $DWDP $PEP $PYPL $CELGâ€¦ https://t.co/y3zWFlGk0z
11/12/2019 13:33,"$LOW $JWN $ROST $WMT:

Factors Setting the Tone for Nordstromâ€™s (JWN) Q3 Earnings:

https://t.co/unDtLmJQQO"
11/12/2019 13:33,"$LOW $JWN $ROST $WMT:

Factors Setting the Tone for Nordstromâ€™s (JWN) Q3 Earnings:

https://t.co/unDtLmJQQO"
11/12/2019 13:38,$WTRH BOUNCING premarket SMART MONEY LOADINðŸ’¸ $LOW $TWTR $LLY $ABMD $RHT $MCD $TTWO $UTX $CL $DWDP $PEP $PYPL $CELGâ€¦ https://t.co/jj2oruSlsS
11/12/2019 13:38,$WTRH BOUNCING premarket SMART MONEY LOADINðŸ’¸ $LOW $TWTR $LLY $ABMD $RHT $MCD $TTWO $UTX $CL $DWDP $PEP $PYPL $CELGâ€¦ https://t.co/jj2oruSlsS
11/12/2019 13:59,Factors Likely to Influence J. C. Penney (JCP) in Q3 Earnings $LOW $PLCE $DG $JCP https://t.co/c5vZUDSqIr
11/12/2019 13:59,Factors Likely to Influence J. C. Penney (JCP) in Q3 Earnings $LOW $PLCE $DG $JCP https://t.co/c5vZUDSqIr
11/12/2019 14:18,"$BORN $FOR $A $GLOB
$I $AM $TOO $LOW
$HI! $IM $ALLY"
11/12/2019 14:18,"$BORN $FOR $A $GLOB
$I $AM $TOO $LOW
$HI! $IM $ALLY"
11/12/2019 15:11,$WTRH BOUNCING HARD SMART MONEY LOADING! $LOW $TWTR $LLY $ABMD $RHT $MCD $TTWO $UTX $CL $DWDP $PEP $PYPL $CELGâ€¦ https://t.co/8yJhPQWE6H
11/12/2019 15:11,$WTRH BOUNCING HARD SMART MONEY LOADING! $LOW $TWTR $LLY $ABMD $RHT $MCD $TTWO $UTX $CL $DWDP $PEP $PYPL $CELGâ€¦ https://t.co/8yJhPQWE6H
11/12/2019 15:59,$WTRH BOUNCING huge bids! SHORT SQUEEZE!ðŸ’¸ðŸ“ˆ $LOW $TWTR $LLY $ABMD $RHT $MCD $TTWO $UTX $CL $DWDP $PEP $PYPL $CELGâ€¦ https://t.co/uIiXn9imuV
11/12/2019 15:59,$WTRH BOUNCING huge bids! SHORT SQUEEZE!ðŸ’¸ðŸ“ˆ $LOW $TWTR $LLY $ABMD $RHT $MCD $TTWO $UTX $CL $DWDP $PEP $PYPL $CELGâ€¦ https://t.co/uIiXn9imuV
11/12/2019 16:16,"Claim FREE Quantum for watching videos â€“ current returns: 0.0705 $QTUM daily

https://t.co/Vo92Ldkdx4

$FLAX $THCâ€¦ https://t.co/2v0Ffr9g5Z"
11/12/2019 16:16,"Claim FREE Quantum for watching videos â€“ current returns: 0.0705 $QTUM daily

https://t.co/Vo92Ldkdx4

$FLAX $THCâ€¦ https://t.co/2v0Ffr9g5Z"
11/12/2019 16:35,"Mall REITs: 'Do Or Die' Time https://t.co/9J1jlUuqf7 $BBRE, $BPY, $CBL, $DDS, $DEST, $DRW, $EMTY, $FFR, $FREL, $FRIâ€¦ https://t.co/Vv0JjqLry3"
11/12/2019 16:35,"Mall REITs: 'Do Or Die' Time https://t.co/9J1jlUuqf7 $BBRE, $BPY, $CBL, $DDS, $DEST, $DRW, $EMTY, $FFR, $FREL, $FRIâ€¦ https://t.co/Vv0JjqLry3"
11/12/2019 16:36,"Top 10 Dividend Kings For November https://t.co/Rm2n8DMuAy $CBSH, $CINF, $CL, $DOV, $EMR, $FMCB, $LOW, $MMM, $NDSN, $PG, $TGT"
11/12/2019 16:36,"Top 10 Dividend Kings For November https://t.co/Rm2n8DMuAy $CBSH, $CINF, $CL, $DOV, $EMR, $FMCB, $LOW, $MMM, $NDSN, $PG, $TGT"
11/12/2019 16:47,"$I $EAT $MR $LOW
$MR $GUT
$TAP $TOO $MAIN"
11/12/2019 16:47,"$I $EAT $MR $LOW
$MR $GUT
$TAP $TOO $MAIN"
11/12/2019 20:32,$SLDB DOWN 73% OVERSOLD short SQUEEZEðŸ’¸ðŸ“ˆ $LOW $TWTR $LLY $ABMD $RHT $MCD $TTWO $UTX $CL $DWDP $PEP $PYPL $CELG $COSTâ€¦ https://t.co/mZzYzTCOQr
11/12/2019 20:32,$SLDB DOWN 73% OVERSOLD short SQUEEZEðŸ’¸ðŸ“ˆ $LOW $TWTR $LLY $ABMD $RHT $MCD $TTWO $UTX $CL $DWDP $PEP $PYPL $CELG $COSTâ€¦ https://t.co/mZzYzTCOQr
11/12/2019 20:48,The story of my $LOW earnings trade back from this past May: https://t.co/oD9IY7CLWl. There's a surprise ending (atâ€¦ https://t.co/iwND4fpyqF
11/12/2019 20:48,The story of my $LOW earnings trade back from this past May: https://t.co/oD9IY7CLWl. There's a surprise ending (atâ€¦ https://t.co/iwND4fpyqF
11/12/2019 21:54,"Day In Review 11/12

Full Video: https://t.co/8LYU4bakpg

https://t.co/6ApU6Begvi 

$AAPL $AMD $AMZN $AZO $BA $BABAâ€¦ https://t.co/VbjKmhbXoL"
11/12/2019 21:54,"Day In Review 11/12

Full Video: https://t.co/8LYU4bakpg

https://t.co/6ApU6Begvi 

$AAPL $AMD $AMZN $AZO $BA $BABAâ€¦ https://t.co/VbjKmhbXoL"
11/12/2019 22:02,"RT @breadboxalerts: Day In Review 11/12

Full Video: https://t.co/8LYU4bakpg

https://t.co/6ApU6Begvi 

$AAPL $AMD $AMZN $AZO $BA $BABA $BYâ€¦"
11/12/2019 22:02,"RT @breadboxalerts: Day In Review 11/12

Full Video: https://t.co/8LYU4bakpg

https://t.co/6ApU6Begvi 

$AAPL $AMD $AMZN $AZO $BA $BABA $BYâ€¦"
11/12/2019 22:04,"RT @breadboxalerts: Day In Review 11/12

Full Video: https://t.co/8LYU4bakpg

https://t.co/6ApU6Begvi 

$AAPL $AMD $AMZN $AZO $BA $BABA $BYâ€¦"
11/12/2019 22:04,"RT @breadboxalerts: Day In Review 11/12

Full Video: https://t.co/8LYU4bakpg

https://t.co/6ApU6Begvi 

$AAPL $AMD $AMZN $AZO $BA $BABA $BYâ€¦"
11/12/2019 22:04,"RT @breadboxalerts: Day In Review 11/12

Full Video: https://t.co/8LYU4bakpg

https://t.co/6ApU6Begvi 

$AAPL $AMD $AMZN $AZO $BA $BABA $BYâ€¦"
11/12/2019 22:04,"RT @breadboxalerts: Day In Review 11/12

Full Video: https://t.co/8LYU4bakpg

https://t.co/6ApU6Begvi 

$AAPL $AMD $AMZN $AZO $BA $BABA $BYâ€¦"
11/12/2019 22:04,"RT @breadboxalerts: Day In Review 11/12

Full Video: https://t.co/8LYU4bakpg

https://t.co/6ApU6Begvi 

$AAPL $AMD $AMZN $AZO $BA $BABA $BYâ€¦"
11/12/2019 22:04,"RT @breadboxalerts: Day In Review 11/12

Full Video: https://t.co/8LYU4bakpg

https://t.co/6ApU6Begvi 

$AAPL $AMD $AMZN $AZO $BA $BABA $BYâ€¦"
11/12/2019 22:04,"RT @breadboxalerts: Day In Review 11/12

Full Video: https://t.co/8LYU4bakpg

https://t.co/6ApU6Begvi 

$AAPL $AMD $AMZN $AZO $BA $BABA $BYâ€¦"
11/12/2019 22:04,"RT @breadboxalerts: Day In Review 11/12

Full Video: https://t.co/8LYU4bakpg

https://t.co/6ApU6Begvi 

$AAPL $AMD $AMZN $AZO $BA $BABA $BYâ€¦"
11/12/2019 22:05,"RT @breadboxalerts: Day In Review 11/12

Full Video: https://t.co/8LYU4bakpg

https://t.co/6ApU6Begvi 

$AAPL $AMD $AMZN $AZO $BA $BABA $BYâ€¦"
11/12/2019 22:05,"RT @breadboxalerts: Day In Review 11/12

Full Video: https://t.co/8LYU4bakpg

https://t.co/6ApU6Begvi 

$AAPL $AMD $AMZN $AZO $BA $BABA $BYâ€¦"
11/12/2019 22:05,"RT @breadboxalerts: Day In Review 11/12

Full Video: https://t.co/8LYU4bakpg

https://t.co/6ApU6Begvi 

$AAPL $AMD $AMZN $AZO $BA $BABA $BYâ€¦"
11/12/2019 22:05,"RT @breadboxalerts: Day In Review 11/12

Full Video: https://t.co/8LYU4bakpg

https://t.co/6ApU6Begvi 

$AAPL $AMD $AMZN $AZO $BA $BABA $BYâ€¦"
11/12/2019 22:16,"RT @breadboxalerts: Day In Review 11/12

Full Video: https://t.co/8LYU4bakpg

https://t.co/6ApU6Begvi 

$AAPL $AMD $AMZN $AZO $BA $BABA $BYâ€¦"
11/12/2019 22:16,"RT @breadboxalerts: Day In Review 11/12

Full Video: https://t.co/8LYU4bakpg

https://t.co/6ApU6Begvi 

$AAPL $AMD $AMZN $AZO $BA $BABA $BYâ€¦"
11/12/2019 22:30,$SLDB oversold BOUNCING AFTERHOURS!ðŸ’¸ðŸ“ˆ $LOW $TWTR $LLY $ABMD $RHT $MCD $TTWO $UTX $CL $DWDP $PEP $PYPL $CELG $COSTâ€¦ https://t.co/3YYwTXj7a6
11/12/2019 22:30,$SLDB oversold BOUNCING AFTERHOURS!ðŸ’¸ðŸ“ˆ $LOW $TWTR $LLY $ABMD $RHT $MCD $TTWO $UTX $CL $DWDP $PEP $PYPL $CELG $COSTâ€¦ https://t.co/3YYwTXj7a6
11/12/2019 22:34,Scan results - Shooting Star Candlestick today: $ACM $FNV $ALKS $PARR $SAGE $ABBV $OMER $ESPR $INGR $RVNC $STLDâ€¦ https://t.co/znniADSsK3
11/12/2019 22:34,Scan results - Shooting Star Candlestick today: $ACM $FNV $ALKS $PARR $SAGE $ABBV $OMER $ESPR $INGR $RVNC $STLDâ€¦ https://t.co/znniADSsK3
11/12/2019 22:40,Scan results - Cup with Handle today: $BMO $AAP $WCN $IBKC $SANM $NVRO $RP $ATVI $BAX $JLL $ASGN $BXMT $TMUS $FEYEâ€¦ https://t.co/XiRa3dhRyT
11/12/2019 22:40,Scan results - Cup with Handle today: $BMO $AAP $WCN $IBKC $SANM $NVRO $RP $ATVI $BAX $JLL $ASGN $BXMT $TMUS $FEYEâ€¦ https://t.co/XiRa3dhRyT
11/12/2019 22:47,"$TAP $TOO $LOW
$MMM!
$ALL $ADS"
11/12/2019 22:47,"$TAP $TOO $LOW
$MMM!
$ALL $ADS"
11/12/2019 23:46,$SLDB oversold BOUNCING AFTERHOURS!ðŸ’¸ðŸ“ˆ $LOW $TWTR $LLY $ABMD $RHT $MCD $TTWO $UTX $CL $DWDP $PEP $PYPL $CELG $COSTâ€¦ https://t.co/eyzLMpa9rP
11/12/2019 23:46,$SLDB oversold BOUNCING AFTERHOURS!ðŸ’¸ðŸ“ˆ $LOW $TWTR $LLY $ABMD $RHT $MCD $TTWO $UTX $CL $DWDP $PEP $PYPL $CELG $COSTâ€¦ https://t.co/eyzLMpa9rP
11/13/2019 0:08,"RT @breadboxalerts: Day In Review 11/12

Full Video: https://t.co/8LYU4bakpg

https://t.co/6ApU6Begvi 

$AAPL $AMD $AMZN $AZO $BA $BABA $BYâ€¦"
11/13/2019 0:08,RT @TheFireguy343: #Watchlist 11/05 $AAPL $ADBE $AMD $AMZN $BA $BABA $BYND $CAT $CMG $DIS $FB $FDX $GOOGL $HD $IWM $JPM $LMT $LOW $LULU $MAâ€¦
11/13/2019 0:08,RT @breadboxalerts: #Watchlist 11/12 $AAPL $ADBE $AMD $AMZN $BA $BABA $BYND $CAT $CMG $DIS $FB $FDX $GOOGL $HD $IWM $JPM $LMT $LOW $LULU $Mâ€¦
11/13/2019 0:31,$SLDB BOUNCING AFTERHOURS! NOTHING WILL STOP THIS $LOW $TWTR $LLY $ABMD $RHT $MCD $TTWO $UTX $CL $DWDP $PEP $PYPLâ€¦ https://t.co/SyIE7bWcxn
11/13/2019 3:14,"How I choose neighborhood
Every visit back to the boro, ask urself did Meinwok come?
Hell no!
Aine $hit for me
Don'â€¦ https://t.co/Ky68oOqauH"
11/13/2019 4:59,Loweâ€™s Companies $LOW Earns Buy Rating from Analysts at Nomura https://t.co/Mhe53VdhXc
11/13/2019 5:35,$LOW Australia and New Zealands Central Banks Are Leading What Seems to Be a Race to the Bottom via https://t.co/dU2ohMsCEH
11/13/2019 6:24,Loweâ€™s Companies $LOW Set to Announce Quarterly Earnings on Wednesday https://t.co/REQNm8E4N1 #stocks
11/13/2019 7:22,Factors Likely to Influence J. C. Penney (JCP) in Q3 Earnings $LOW $PLCE $DG $JCP https://t.co/c5vZUDSqIr
11/13/2019 8:53,Hmu and I'll make you one for the $low low$ ðŸ˜‚ https://t.co/izygApuPbY
11/13/2019 9:37,RT @YT_SateZ: Hmu and I'll make you one for the $low low$ ðŸ˜‚ https://t.co/izygApuPbY
11/13/2019 10:29,"$LOW's price moved above its 50-day Moving Average on October 30, 2019. View odds for this and other indicators:â€¦ https://t.co/vrwA5TC9VM"
11/13/2019 12:23,$SLDB oversold BOUNCING premarket!ðŸ’¸ðŸ“ˆ $LOW $TWTR $LLY $ABMD $RHT $MCD $TTWO $UTX $CL $DWDP $PEP $PYPL $CELG $COSTâ€¦ https://t.co/WIvIsVdD5N
11/13/2019 13:04,"$LOW $WMT $ROST $HIBB:

Factors Setting the Tone for Hibbett (HIBB) in Q3 Earnings:

https://t.co/VNpkpveRSH"
11/13/2019 13:33,"$LOW $DG $ROST $WMT:

Factors Setting the Tone for Loweâ€™s (LOW) in Q3 Earnings:

https://t.co/j3SkPWlIhM"
11/13/2019 14:17,"$BAM!
$FLOW $ONE $OAK $TOO $LOW
$EROS"
11/13/2019 14:46,"$LOW:

Loweâ€™s Companies, Inc. Invites You to Join Its Third Quarter 2019 â€¦:

https://t.co/5gpNgERA5s"
11/13/2019 14:46,"$LOW:

Loweâ€™s Companies, Inc. Invites You to Join Its Third Quarter 2019 â€¦:

https://t.co/5gpNgERA5s"
11/13/2019 14:49,"These are our current actively-managed holdings (excludes ETFs/MutFs, etc.) $AMZN $BX $CGNX $CVS (from &gt;20-yearâ€¦ https://t.co/ITWIA2eHC7"
11/13/2019 14:49,"These are our current actively-managed holdings (excludes ETFs/MutFs, etc.) $AMZN $BX $CGNX $CVS (from &gt;20-yearâ€¦ https://t.co/ITWIA2eHC7"
11/13/2019 15:17,20 DMA Support today: $CCL $CHIQ $TOO $LOW $MOH $SWN $PRU $PWR $R $THD $MRO $SIG $SPG $BGSF $BRX $IRMD $GUSH $ATNMâ€¦ https://t.co/sUqKVMM8e7
11/13/2019 15:17,20 DMA Support today: $CCL $CHIQ $TOO $LOW $MOH $SWN $PRU $PWR $R $THD $MRO $SIG $SPG $BGSF $BRX $IRMD $GUSH $ATNMâ€¦ https://t.co/sUqKVMM8e7
11/13/2019 15:57,"$LOW unusual put sweep

800 Nov(22) 114 puts opened for $3.74. $299K premium paid. 79 OI"
11/13/2019 15:57,"$LOW unusual put sweep

800 Nov(22) 114 puts opened for $3.74. $299K premium paid. 79 OI"
11/13/2019 16:10,"Morning highest % above OR 30-min high, Up/Avg Gain of today's three 30-min bars, G/L % in previous 30-Min &amp; Tradinâ€¦ https://t.co/fBIzgSAI2x"
11/13/2019 16:10,"Morning highest % above OR 30-min high, Up/Avg Gain of today's three 30-min bars, G/L % in previous 30-Min &amp; Tradinâ€¦ https://t.co/fBIzgSAI2x"
11/13/2019 17:16,$ARST EXTREMELY OVERSOLD. 52WEEKHIGH 1.48!ðŸ’¸ $LOW $TWTR $LLY $ABMD $RHT $MCD $TTWO $UTX $CL $DWDP $PEP $PYPL $CELGâ€¦ https://t.co/jNyKtlOevg
11/13/2019 17:16,$ARST EXTREMELY OVERSOLD. 52WEEKHIGH 1.48!ðŸ’¸ $LOW $TWTR $LLY $ABMD $RHT $MCD $TTWO $UTX $CL $DWDP $PEP $PYPL $CELGâ€¦ https://t.co/jNyKtlOevg
11/13/2019 17:17,Stock and Options trading system. VolatilityTrader: https://t.co/eVwKMfovby $SVXY $W $WYNN $UVXY $SRPT $TIF $TGT $LOW $TWLO $VIX $FN $MON
11/13/2019 17:17,Stock and Options trading system. VolatilityTrader: https://t.co/eVwKMfovby $SVXY $W $WYNN $UVXY $SRPT $TIF $TGT $LOW $TWLO $VIX $FN $MON
11/13/2019 17:23,$ARST 0025 CRUSHED! Oversold BOUNCING!!!!ðŸ’¸ðŸ“ˆ $LOW $TWTR $LLY $ABMD $RHT $MCD $TTWO $UTX $CL $DWDP $PEP $PYPL $CELGâ€¦ https://t.co/rMrEL9ZzYu
11/13/2019 17:23,$ARST 0025 CRUSHED! Oversold BOUNCING!!!!ðŸ’¸ðŸ“ˆ $LOW $TWTR $LLY $ABMD $RHT $MCD $TTWO $UTX $CL $DWDP $PEP $PYPL $CELGâ€¦ https://t.co/rMrEL9ZzYu
11/13/2019 17:58,$LOW 22-Nov-19 ATM Implied Volatility is up +15.1%. Straddle Implies a Move of Â±7.0%. Earnings Nov 20 BMO. https://t.co/Mj3hlxyZLQ
11/13/2019 17:58,$LOW 22-Nov-19 ATM Implied Volatility is up +15.1%. Straddle Implies a Move of Â±7.0%. Earnings Nov 20 BMO. https://t.co/Mj3hlxyZLQ
11/13/2019 19:59,"RT @CheddarFlow: $LOW unusual put sweep

800 Nov(22) 114 puts opened for $3.74. $299K premium paid. 79 OI"
11/13/2019 19:59,"RT @CheddarFlow: $LOW unusual put sweep

800 Nov(22) 114 puts opened for $3.74. $299K premium paid. 79 OI"
11/13/2019 20:10,$ARST EXTREMELY OVERSOLD. 52WEEKHIGH 1.48!ðŸ’¸ $LOW $TWTR $LLY $ABMD $RHT $MCD $TTWO $UTX $CL $DWDP $PEP $PYPL $CELGâ€¦ https://t.co/mbaQhkh6tC
11/13/2019 20:10,$ARST EXTREMELY OVERSOLD. 52WEEKHIGH 1.48!ðŸ’¸ $LOW $TWTR $LLY $ABMD $RHT $MCD $TTWO $UTX $CL $DWDP $PEP $PYPL $CELGâ€¦ https://t.co/mbaQhkh6tC
11/13/2019 20:55,Join me for intraday coverage of actionable technical long/short ideas at https://t.co/PmTdVIBJr6 . This week I broâ€¦ https://t.co/fKkqraR2SY
11/13/2019 20:55,Join me for intraday coverage of actionable technical long/short ideas at https://t.co/PmTdVIBJr6 . This week I broâ€¦ https://t.co/fKkqraR2SY
11/13/2019 20:56,RT @MarkNewtonCMT: Join me for intraday coverage of actionable technical long/short ideas at https://t.co/PmTdVIBJr6 . This week I broke doâ€¦
11/13/2019 20:56,RT @MarkNewtonCMT: Join me for intraday coverage of actionable technical long/short ideas at https://t.co/PmTdVIBJr6 . This week I broke doâ€¦
11/13/2019 21:24,RT @MarkNewtonCMT: Join me for intraday coverage of actionable technical long/short ideas at https://t.co/PmTdVIBJr6 . This week I broke doâ€¦
11/13/2019 21:24,RT @MarkNewtonCMT: Join me for intraday coverage of actionable technical long/short ideas at https://t.co/PmTdVIBJr6 . This week I broke doâ€¦
11/13/2019 22:00,2019-11-12 Short sale volume (not short interest) for $PLUG is 62%. https://t.co/TZWSpwxjKT $LOW 30% $WMT 56% $PG 44%
11/13/2019 22:00,2019-11-12 Short sale volume (not short interest) for $PLUG is 62%. https://t.co/TZWSpwxjKT $LOW 30% $WMT 56% $PG 44%
11/13/2019 22:36,Scan results - Stochastic Sell Signal today: $JELD $YY $DOX $DISCA $FHB $VIAB $GM $MTW $CAR $RNG $GLPI $GWRE $LOWâ€¦ https://t.co/iz2RFkTl98
11/13/2019 22:36,Scan results - Stochastic Sell Signal today: $JELD $YY $DOX $DISCA $FHB $VIAB $GM $MTW $CAR $RNG $GLPI $GWRE $LOWâ€¦ https://t.co/iz2RFkTl98
11/13/2019 22:40,Scan results - Cup with Handle today: $WCN $RP $SANM $CIB $CPA $NEP $IBKC $AAP $APLE $LSCC $SBS $BKNG $NVRO $PBRâ€¦ https://t.co/UNw3SwoeBl
11/13/2019 22:40,Scan results - Cup with Handle today: $WCN $RP $SANM $CIB $CPA $NEP $IBKC $AAP $APLE $LSCC $SBS $BKNG $NVRO $PBRâ€¦ https://t.co/UNw3SwoeBl
11/13/2019 23:17,"$IT $YELP $MS $LOW $FOR $SEAS
$TWO $ADS
$SEE $MS $AFT $AT $A $MAN"
11/13/2019 23:17,"$IT $YELP $MS $LOW $FOR $SEAS
$TWO $ADS
$SEE $MS $AFT $AT $A $MAN"
11/13/2019 23:31,"Buy $LOW and sell $HI

ðŸ˜‰ https://t.co/WtWMxM48Hv"
11/13/2019 23:31,"Buy $LOW and sell $HI

ðŸ˜‰ https://t.co/WtWMxM48Hv"
11/14/2019 0:25,"Day In Review 11/13

Full Video: https://t.co/9ELE3V169H

https://t.co/6ApU6Begvi 

$AAPL $AMD $AMZN $AZO $BA $BABAâ€¦ https://t.co/nD8ShqVO5Q"
11/14/2019 0:29,"RT @breadboxalerts: Day In Review 11/13

Full Video: https://t.co/9ELE3V169H

https://t.co/6ApU6Begvi 

$AAPL $AMD $AMZN $AZO $BA $BABA $BYâ€¦"
11/14/2019 0:29,"RT @breadboxalerts: Day In Review 11/13

Full Video: https://t.co/9ELE3V169H

https://t.co/6ApU6Begvi 

$AAPL $AMD $AMZN $AZO $BA $BABA $BYâ€¦"
11/14/2019 0:31,"RT @breadboxalerts: Day In Review 11/13

Full Video: https://t.co/9ELE3V169H

https://t.co/6ApU6Begvi 

$AAPL $AMD $AMZN $AZO $BA $BABA $BYâ€¦"
11/14/2019 0:40,"RT @breadboxalerts: Day In Review 11/13

Full Video: https://t.co/9ELE3V169H

https://t.co/6ApU6Begvi 

$AAPL $AMD $AMZN $AZO $BA $BABA $BYâ€¦"
11/14/2019 0:46,"RT @breadboxalerts: Day In Review 11/13

Full Video: https://t.co/9ELE3V169H

https://t.co/6ApU6Begvi 

$AAPL $AMD $AMZN $AZO $BA $BABA $BYâ€¦"
11/14/2019 3:29,#Watchlist 11/13 $AAPL $ADBE $AMD $AMZN $BA $BABA $BYND $CAT $CMG $DIS $FB $FDX $GOOGL $HD $IWM $JPM $LMT $LOWâ€¦ https://t.co/Fo6YXFRAQz
11/14/2019 3:35,RT @TheFireguy343: #Watchlist 11/13 $AAPL $ADBE $AMD $AMZN $BA $BABA $BYND $CAT $CMG $DIS $FB $FDX $GOOGL $HD $IWM $JPM $LMT $LOW $LULU $MAâ€¦
11/14/2019 3:51,"#Watchlist for 11/14

$AAPL $AMD $AMZN $AZO $BA $BABA $BYND $CAT $CMG $DIS $FB $FDX $GLD $GOOGL $IWM $JPM $LMT $LOWâ€¦ https://t.co/rdN35ardU2"
11/14/2019 3:52,"RT @breadboxalerts: #Watchlist for 11/14

$AAPL $AMD $AMZN $AZO $BA $BABA $BYND $CAT $CMG $DIS $FB $FDX $GLD $GOOGL $IWM $JPM $LMT $LOW $LUâ€¦"
11/14/2019 3:54,"RT @breadboxalerts: #Watchlist for 11/14

$AAPL $AMD $AMZN $AZO $BA $BABA $BYND $CAT $CMG $DIS $FB $FDX $GLD $GOOGL $IWM $JPM $LMT $LOW $LUâ€¦"
11/14/2019 4:00,$BV short interest ratio on 2019-05-31 is 7.65 https://t.co/Ln0oz3vlx1 $LOW 1.42 $LYV 7.41 $HPQ 1.79
11/14/2019 4:06,"RT @breadboxalerts: #Watchlist for 11/14

$AAPL $AMD $AMZN $AZO $BA $BABA $BYND $CAT $CMG $DIS $FB $FDX $GLD $GOOGL $IWM $JPM $LMT $LOW $LUâ€¦"
11/14/2019 4:37,Factors Likely to Influence J. C. Penney (JCP) in Q3 Earnings $LOW $PLCE $DG $JCP https://t.co/c5vZUDSqIr
11/14/2019 6:58,"RT @breadboxalerts: Day In Review 11/13

Full Video: https://t.co/9ELE3V169H

https://t.co/6ApU6Begvi 

$AAPL $AMD $AMZN $AZO $BA $BABA $BYâ€¦"
11/14/2019 6:58,"RT @breadboxalerts: #Watchlist for 11/14

$AAPL $AMD $AMZN $AZO $BA $BABA $BYND $CAT $CMG $DIS $FB $FDX $GLD $GOOGL $IWM $JPM $LMT $LOW $LUâ€¦"
11/14/2019 6:58,"RT @breadboxalerts: Day In Review 11/13

Full Video: https://t.co/9ELE3V169H

https://t.co/6ApU6Begvi 

$AAPL $AMD $AMZN $AZO $BA $BABA $BYâ€¦"
11/14/2019 6:59,"RT @breadboxalerts: #Watchlist for 11/14

$AAPL $AMD $AMZN $AZO $BA $BABA $BYND $CAT $CMG $DIS $FB $FDX $GLD $GOOGL $IWM $JPM $LMT $LOW $LUâ€¦"
11/14/2019 6:59,"RT @breadboxalerts: Day In Review 11/13

Full Video: https://t.co/9ELE3V169H

https://t.co/6ApU6Begvi 

$AAPL $AMD $AMZN $AZO $BA $BABA $BYâ€¦"
11/14/2019 6:59,"RT @breadboxalerts: #Watchlist for 11/14

$AAPL $AMD $AMZN $AZO $BA $BABA $BYND $CAT $CMG $DIS $FB $FDX $GLD $GOOGL $IWM $JPM $LMT $LOW $LUâ€¦"
11/14/2019 6:59,"RT @breadboxalerts: Day In Review 11/13

Full Video: https://t.co/9ELE3V169H

https://t.co/6ApU6Begvi 

$AAPL $AMD $AMZN $AZO $BA $BABA $BYâ€¦"
11/14/2019 6:59,"RT @breadboxalerts: #Watchlist for 11/14

$AAPL $AMD $AMZN $AZO $BA $BABA $BYND $CAT $CMG $DIS $FB $FDX $GLD $GOOGL $IWM $JPM $LMT $LOW $LUâ€¦"
11/14/2019 7:00,"RT @breadboxalerts: Day In Review 11/13

Full Video: https://t.co/9ELE3V169H

https://t.co/6ApU6Begvi 

$AAPL $AMD $AMZN $AZO $BA $BABA $BYâ€¦"
11/14/2019 10:59,"$LOW's price moved above its 50-day Moving Average on October 30, 2019. View odds for this and other indicators:â€¦ https://t.co/p6Ssr2jkMJ"
11/14/2019 12:17,"$PAY $MR $AXE
$MS $LOW
$MMM!"
11/14/2019 13:03,"$LOW $FL $ROST $DG:

Factors to Watch Ahead of Foot Lockerâ€™s (FL) Q3 Earnings:

https://t.co/7Emt9raqsJ"
11/14/2019 15:03,"S&amp;P500 Stocks on BULL runs today. Gapping up this morning and continuing to run as of 10:00 ET: 

$KIM $LOW  $ELâ€¦ https://t.co/cFX3UrFqwO"
11/14/2019 15:06,"$LOW $URBN $DG $ROST:

Will Urban Outfitters (URBN) Earnings Continue to Fall in Q3?:

https://t.co/msTyNj7ptp"
11/14/2019 16:26,Rose Above Upper Bollinger Band today: $LOW ... https://t.co/AyIukUGmib
11/14/2019 16:41,$LOW showing up in our top breakout selection. https://t.co/K5cNhmcOAk
11/14/2019 16:48,"$ONE $RACE
$TEN $CUBS
$DANG! $HE $BIT $TOO $LOW"
11/14/2019 17:16,$LOW looking nice!
11/14/2019 19:16,"$TAP $FOR $MEN
$IT $FLOW $TEN $ADS $TOO $LOW
$IM $ONE $TOO $FIT"
11/14/2019 20:49,"@PipsToDollars Same here, Iâ€™m 27 and rarely go there for clothes. Knew it was bad when their former CEO Marvin jumped ship and went to $LOW"
11/14/2019 21:02,"Hereâ€™s my current stock watchlist:

$EBAY
$PYPL
$SQ
$TSLA
$EA
$IQ
$NFLX
$DE
$INTC
$DIS
$NVDA
$T
$KHC
$IBM
$LYFTâ€¦ https://t.co/UCltz9W9BU"
11/14/2019 21:02,"RT @RampCapitalLLC: Hereâ€™s my current stock watchlist:

$EBAY
$PYPL
$SQ
$TSLA
$EA
$IQ
$NFLX
$DE
$INTC
$DIS
$NVDA
$T
$KHC
$IBM
$LYFT
$LULU
$â€¦"
11/14/2019 21:02,"RT @RampCapitalLLC: Hereâ€™s my current stock watchlist:

$EBAY
$PYPL
$SQ
$TSLA
$EA
$IQ
$NFLX
$DE
$INTC
$DIS
$NVDA
$T
$KHC
$IBM
$LYFT
$LULU
$â€¦"
11/14/2019 21:03,"RT @RampCapitalLLC: Hereâ€™s my current stock watchlist:

$EBAY
$PYPL
$SQ
$TSLA
$EA
$IQ
$NFLX
$DE
$INTC
$DIS
$NVDA
$T
$KHC
$IBM
$LYFT
$LULU
$â€¦"
11/14/2019 21:03,"RT @RampCapitalLLC: Hereâ€™s my current stock watchlist:

$EBAY
$PYPL
$SQ
$TSLA
$EA
$IQ
$NFLX
$DE
$INTC
$DIS
$NVDA
$T
$KHC
$IBM
$LYFT
$LULU
$â€¦"
11/14/2019 21:03,"RT @RampCapitalLLC: Hereâ€™s my current stock watchlist:

$EBAY
$PYPL
$SQ
$TSLA
$EA
$IQ
$NFLX
$DE
$INTC
$DIS
$NVDA
$T
$KHC
$IBM
$LYFT
$LULU
$â€¦"
11/14/2019 21:05,"RT @RampCapitalLLC: Hereâ€™s my current stock watchlist:

$EBAY
$PYPL
$SQ
$TSLA
$EA
$IQ
$NFLX
$DE
$INTC
$DIS
$NVDA
$T
$KHC
$IBM
$LYFT
$LULU
$â€¦"
11/14/2019 21:06,"RT @RampCapitalLLC: Hereâ€™s my current stock watchlist:

$EBAY
$PYPL
$SQ
$TSLA
$EA
$IQ
$NFLX
$DE
$INTC
$DIS
$NVDA
$T
$KHC
$IBM
$LYFT
$LULU
$â€¦"
11/14/2019 21:07,"RT @RampCapitalLLC: Hereâ€™s my current stock watchlist:

$EBAY
$PYPL
$SQ
$TSLA
$EA
$IQ
$NFLX
$DE
$INTC
$DIS
$NVDA
$T
$KHC
$IBM
$LYFT
$LULU
$â€¦"
11/14/2019 21:08,"RT @RampCapitalLLC: Hereâ€™s my current stock watchlist:

$EBAY
$PYPL
$SQ
$TSLA
$EA
$IQ
$NFLX
$DE
$INTC
$DIS
$NVDA
$T
$KHC
$IBM
$LYFT
$LULU
$â€¦"
11/14/2019 21:12,$VTGN -72% OVERSOLD. BOUNCING AFTERHOURSðŸ’¸ $LOW $TWTR $LLY $ABMD $RHT $MCD $TTWO $UTX $CL $DWDP $PEP $PYPL $CELGâ€¦ https://t.co/gSxevyS7wv
11/14/2019 21:14,"RT @RampCapitalLLC: Hereâ€™s my current stock watchlist:

$EBAY
$PYPL
$SQ
$TSLA
$EA
$IQ
$NFLX
$DE
$INTC
$DIS
$NVDA
$T
$KHC
$IBM
$LYFT
$LULU
$â€¦"
11/14/2019 21:16,"$WMT $TGT $BBY $HD $LOW:

Retail sales, industrial numbers, largest Starbucks: 3 things to watch for in the marketsâ€¦ https://t.co/mwoYBFF6wG"
11/14/2019 21:16,"RT @RampCapitalLLC: Hereâ€™s my current stock watchlist:

$EBAY
$PYPL
$SQ
$TSLA
$EA
$IQ
$NFLX
$DE
$INTC
$DIS
$NVDA
$T
$KHC
$IBM
$LYFT
$LULU
$â€¦"
11/14/2019 21:18,"RT @RampCapitalLLC: Hereâ€™s my current stock watchlist:

$EBAY
$PYPL
$SQ
$TSLA
$EA
$IQ
$NFLX
$DE
$INTC
$DIS
$NVDA
$T
$KHC
$IBM
$LYFT
$LULU
$â€¦"
11/14/2019 21:29,"RT @RampCapitalLLC: Hereâ€™s my current stock watchlist:

$EBAY
$PYPL
$SQ
$TSLA
$EA
$IQ
$NFLX
$DE
$INTC
$DIS
$NVDA
$T
$KHC
$IBM
$LYFT
$LULU
$â€¦"
11/14/2019 21:29,"RT @RampCapitalLLC: Hereâ€™s my current stock watchlist:

$EBAY
$PYPL
$SQ
$TSLA
$EA
$IQ
$NFLX
$DE
$INTC
$DIS
$NVDA
$T
$KHC
$IBM
$LYFT
$LULU
$â€¦"
11/14/2019 21:34,"RT @RampCapitalLLC: Hereâ€™s my current stock watchlist:

$EBAY
$PYPL
$SQ
$TSLA
$EA
$IQ
$NFLX
$DE
$INTC
$DIS
$NVDA
$T
$KHC
$IBM
$LYFT
$LULU
$â€¦"
11/14/2019 21:38,"RT @RampCapitalLLC: Hereâ€™s my current stock watchlist:

$EBAY
$PYPL
$SQ
$TSLA
$EA
$IQ
$NFLX
$DE
$INTC
$DIS
$NVDA
$T
$KHC
$IBM
$LYFT
$LULU
$â€¦"
11/14/2019 21:52,"RT @RampCapitalLLC: Hereâ€™s my current stock watchlist:

$EBAY
$PYPL
$SQ
$TSLA
$EA
$IQ
$NFLX
$DE
$INTC
$DIS
$NVDA
$T
$KHC
$IBM
$LYFT
$LULU
$â€¦"
11/14/2019 21:58,"RT @RampCapitalLLC: Hereâ€™s my current stock watchlist:

$EBAY
$PYPL
$SQ
$TSLA
$EA
$IQ
$NFLX
$DE
$INTC
$DIS
$NVDA
$T
$KHC
$IBM
$LYFT
$LULU
$â€¦"
11/14/2019 22:01,"RT @RampCapitalLLC: Hereâ€™s my current stock watchlist:

$EBAY
$PYPL
$SQ
$TSLA
$EA
$IQ
$NFLX
$DE
$INTC
$DIS
$NVDA
$T
$KHC
$IBM
$LYFT
$LULU
$â€¦"
11/14/2019 22:04,"RT @RampCapitalLLC: Hereâ€™s my current stock watchlist:

$EBAY
$PYPL
$SQ
$TSLA
$EA
$IQ
$NFLX
$DE
$INTC
$DIS
$NVDA
$T
$KHC
$IBM
$LYFT
$LULU
$â€¦"
11/14/2019 22:07,"RT @RampCapitalLLC: Hereâ€™s my current stock watchlist:

$EBAY
$PYPL
$SQ
$TSLA
$EA
$IQ
$NFLX
$DE
$INTC
$DIS
$NVDA
$T
$KHC
$IBM
$LYFT
$LULU
$â€¦"
11/14/2019 22:08,$VTGN DOWN 72% OVERSOLD. bouncing AFTERHOURS $LOW $TWTR $LLY $ABMD $RHT $MCD $TTWO $UTX $CL $DWDP $PEP $PYPL $CELGâ€¦ https://t.co/MKYz8jBI87
11/14/2019 22:14,"RT @RampCapitalLLC: Hereâ€™s my current stock watchlist:

$EBAY
$PYPL
$SQ
$TSLA
$EA
$IQ
$NFLX
$DE
$INTC
$DIS
$NVDA
$T
$KHC
$IBM
$LYFT
$LULU
$â€¦"
11/14/2019 22:22,"Day In Review 11/14 part 1

Full Video: https://t.co/4tl1HPkO4o

https://t.co/6ApU6Begvi 

$AAPL $AMD $AMZN $AZOâ€¦ https://t.co/wcZYXaKWqK"
11/14/2019 22:23,"RT @RampCapitalLLC: Hereâ€™s my current stock watchlist:

$EBAY
$PYPL
$SQ
$TSLA
$EA
$IQ
$NFLX
$DE
$INTC
$DIS
$NVDA
$T
$KHC
$IBM
$LYFT
$LULU
$â€¦"
11/14/2019 22:24,"RT @RampCapitalLLC: Hereâ€™s my current stock watchlist:

$EBAY
$PYPL
$SQ
$TSLA
$EA
$IQ
$NFLX
$DE
$INTC
$DIS
$NVDA
$T
$KHC
$IBM
$LYFT
$LULU
$â€¦"
11/14/2019 22:25,"Day In Review 11/14 part 2

Full Video: https://t.co/4tl1HPkO4o

https://t.co/6ApU6Begvi 

$AAPL $AMD $AMZN $AZOâ€¦ https://t.co/YZ5uEzZCoJ"
11/14/2019 22:27,"RT @breadboxalerts: Day In Review 11/14 part 1

Full Video: https://t.co/4tl1HPkO4o

https://t.co/6ApU6Begvi 

$AAPL $AMD $AMZN $AZO $BA $Bâ€¦"
11/14/2019 22:27,"RT @breadboxalerts: Day In Review 11/14 part 2

Full Video: https://t.co/4tl1HPkO4o

https://t.co/6ApU6Begvi 

$AAPL $AMD $AMZN $AZO $BA $Bâ€¦"
11/14/2019 22:31,"RT @RampCapitalLLC: Hereâ€™s my current stock watchlist:

$EBAY
$PYPL
$SQ
$TSLA
$EA
$IQ
$NFLX
$DE
$INTC
$DIS
$NVDA
$T
$KHC
$IBM
$LYFT
$LULU
$â€¦"
11/14/2019 22:31,"RT @breadboxalerts: Day In Review 11/14 part 2

Full Video: https://t.co/4tl1HPkO4o

https://t.co/6ApU6Begvi 

$AAPL $AMD $AMZN $AZO $BA $Bâ€¦"
11/14/2019 22:31,"RT @breadboxalerts: Day In Review 11/14 part 1

Full Video: https://t.co/4tl1HPkO4o

https://t.co/6ApU6Begvi 

$AAPL $AMD $AMZN $AZO $BA $Bâ€¦"
11/14/2019 22:31,"RT @breadboxalerts: Day In Review 11/14 part 1

Full Video: https://t.co/4tl1HPkO4o

https://t.co/6ApU6Begvi 

$AAPL $AMD $AMZN $AZO $BA $Bâ€¦"
11/14/2019 22:31,"RT @breadboxalerts: Day In Review 11/14 part 2

Full Video: https://t.co/4tl1HPkO4o

https://t.co/6ApU6Begvi 

$AAPL $AMD $AMZN $AZO $BA $Bâ€¦"
11/14/2019 22:51,"RT @RampCapitalLLC: Hereâ€™s my current stock watchlist:

$EBAY
$PYPL
$SQ
$TSLA
$EA
$IQ
$NFLX
$DE
$INTC
$DIS
$NVDA
$T
$KHC
$IBM
$LYFT
$LULU
$â€¦"
11/14/2019 22:59,"RT @RampCapitalLLC: Hereâ€™s my current stock watchlist:

$EBAY
$PYPL
$SQ
$TSLA
$EA
$IQ
$NFLX
$DE
$INTC
$DIS
$NVDA
$T
$KHC
$IBM
$LYFT
$LULU
$â€¦"
11/14/2019 23:05,Nasdaq down 0.04% https://t.co/mvZ9F0Z5CM $NFLX $TGT $LOW $PYPL $CSCO $KHC $WMT $NVDA https://t.co/0Qp3vdguAY
11/14/2019 23:06,"RT @RampCapitalLLC: Hereâ€™s my current stock watchlist:

$EBAY
$PYPL
$SQ
$TSLA
$EA
$IQ
$NFLX
$DE
$INTC
$DIS
$NVDA
$T
$KHC
$IBM
$LYFT
$LULU
$â€¦"
11/14/2019 23:07,RT @gurufocus: Nasdaq down 0.04% https://t.co/mvZ9F0Z5CM $NFLX $TGT $LOW $PYPL $CSCO $KHC $WMT $NVDA https://t.co/0Qp3vdguAY
11/14/2019 23:20,"RT @RampCapitalLLC: Hereâ€™s my current stock watchlist:

$EBAY
$PYPL
$SQ
$TSLA
$EA
$IQ
$NFLX
$DE
$INTC
$DIS
$NVDA
$T
$KHC
$IBM
$LYFT
$LULU
$â€¦"
11/14/2019 23:24,"RT @RampCapitalLLC: Hereâ€™s my current stock watchlist:

$EBAY
$PYPL
$SQ
$TSLA
$EA
$IQ
$NFLX
$DE
$INTC
$DIS
$NVDA
$T
$KHC
$IBM
$LYFT
$LULU
$â€¦"
11/14/2019 23:44,"RT @RampCapitalLLC: Hereâ€™s my current stock watchlist:

$EBAY
$PYPL
$SQ
$TSLA
$EA
$IQ
$NFLX
$DE
$INTC
$DIS
$NVDA
$T
$KHC
$IBM
$LYFT
$LULU
$â€¦"
11/14/2019 23:47,"RT @RampCapitalLLC: Hereâ€™s my current stock watchlist:

$EBAY
$PYPL
$SQ
$TSLA
$EA
$IQ
$NFLX
$DE
$INTC
$DIS
$NVDA
$T
$KHC
$IBM
$LYFT
$LULU
$â€¦"
11/14/2019 23:59,"RT @RampCapitalLLC: Hereâ€™s my current stock watchlist:

$EBAY
$PYPL
$SQ
$TSLA
$EA
$IQ
$NFLX
$DE
$INTC
$DIS
$NVDA
$T
$KHC
$IBM
$LYFT
$LULU
$â€¦"
11/15/2019 1:02,"RT @RampCapitalLLC: Hereâ€™s my current stock watchlist:

$EBAY
$PYPL
$SQ
$TSLA
$EA
$IQ
$NFLX
$DE
$INTC
$DIS
$NVDA
$T
$KHC
$IBM
$LYFT
$LULU
$â€¦"
11/15/2019 1:06,"RT @RampCapitalLLC: Hereâ€™s my current stock watchlist:

$EBAY
$PYPL
$SQ
$TSLA
$EA
$IQ
$NFLX
$DE
$INTC
$DIS
$NVDA
$T
$KHC
$IBM
$LYFT
$LULU
$â€¦"
11/15/2019 1:13,"RT @RampCapitalLLC: Hereâ€™s my current stock watchlist:

$EBAY
$PYPL
$SQ
$TSLA
$EA
$IQ
$NFLX
$DE
$INTC
$DIS
$NVDA
$T
$KHC
$IBM
$LYFT
$LULU
$â€¦"
11/15/2019 1:14,"RT @RampCapitalLLC: Hereâ€™s my current stock watchlist:

$EBAY
$PYPL
$SQ
$TSLA
$EA
$IQ
$NFLX
$DE
$INTC
$DIS
$NVDA
$T
$KHC
$IBM
$LYFT
$LULU
$â€¦"
11/15/2019 1:27,"RT @RampCapitalLLC: Hereâ€™s my current stock watchlist:

$EBAY
$PYPL
$SQ
$TSLA
$EA
$IQ
$NFLX
$DE
$INTC
$DIS
$NVDA
$T
$KHC
$IBM
$LYFT
$LULU
$â€¦"
11/15/2019 1:45,"RT @RampCapitalLLC: Hereâ€™s my current stock watchlist:

$EBAY
$PYPL
$SQ
$TSLA
$EA
$IQ
$NFLX
$DE
$INTC
$DIS
$NVDA
$T
$KHC
$IBM
$LYFT
$LULU
$â€¦"
11/15/2019 1:52,"RT @RampCapitalLLC: Hereâ€™s my current stock watchlist:

$EBAY
$PYPL
$SQ
$TSLA
$EA
$IQ
$NFLX
$DE
$INTC
$DIS
$NVDA
$T
$KHC
$IBM
$LYFT
$LULU
$â€¦"
11/15/2019 1:58,"RT @RampCapitalLLC: Hereâ€™s my current stock watchlist:

$EBAY
$PYPL
$SQ
$TSLA
$EA
$IQ
$NFLX
$DE
$INTC
$DIS
$NVDA
$T
$KHC
$IBM
$LYFT
$LULU
$â€¦"
11/15/2019 2:25,"RT @RampCapitalLLC: Hereâ€™s my current stock watchlist:

$EBAY
$PYPL
$SQ
$TSLA
$EA
$IQ
$NFLX
$DE
$INTC
$DIS
$NVDA
$T
$KHC
$IBM
$LYFT
$LULU
$â€¦"
11/15/2019 2:31,"RT @RampCapitalLLC: Hereâ€™s my current stock watchlist:

$EBAY
$PYPL
$SQ
$TSLA
$EA
$IQ
$NFLX
$DE
$INTC
$DIS
$NVDA
$T
$KHC
$IBM
$LYFT
$LULU
$â€¦"
11/15/2019 2:39,"RT @RampCapitalLLC: Hereâ€™s my current stock watchlist:

$EBAY
$PYPL
$SQ
$TSLA
$EA
$IQ
$NFLX
$DE
$INTC
$DIS
$NVDA
$T
$KHC
$IBM
$LYFT
$LULU
$â€¦"
11/15/2019 2:54,"RT @RampCapitalLLC: Hereâ€™s my current stock watchlist:

$EBAY
$PYPL
$SQ
$TSLA
$EA
$IQ
$NFLX
$DE
$INTC
$DIS
$NVDA
$T
$KHC
$IBM
$LYFT
$LULU
$â€¦"
11/15/2019 2:54,"RT @RampCapitalLLC: Hereâ€™s my current stock watchlist:

$EBAY
$PYPL
$SQ
$TSLA
$EA
$IQ
$NFLX
$DE
$INTC
$DIS
$NVDA
$T
$KHC
$IBM
$LYFT
$LULU
$â€¦"
11/15/2019 3:04,"RT @RampCapitalLLC: Hereâ€™s my current stock watchlist:

$EBAY
$PYPL
$SQ
$TSLA
$EA
$IQ
$NFLX
$DE
$INTC
$DIS
$NVDA
$T
$KHC
$IBM
$LYFT
$LULU
$â€¦"
11/15/2019 3:28,GRNF is about to be the largest MJ conglomerate on the planet ðŸ‘‡ðŸ‘‡ $PBR $JCP $MDT $SQ $AUY $MAXR $LOW $ET $HL $MDRâ€¦ https://t.co/0GRUYkIsRY
11/15/2019 3:29,"RT @RampCapitalLLC: Hereâ€™s my current stock watchlist:

$EBAY
$PYPL
$SQ
$TSLA
$EA
$IQ
$NFLX
$DE
$INTC
$DIS
$NVDA
$T
$KHC
$IBM
$LYFT
$LULU
$â€¦"
11/15/2019 3:35,"RT @RampCapitalLLC: Hereâ€™s my current stock watchlist:

$EBAY
$PYPL
$SQ
$TSLA
$EA
$IQ
$NFLX
$DE
$INTC
$DIS
$NVDA
$T
$KHC
$IBM
$LYFT
$LULU
$â€¦"
11/15/2019 3:58,#Watchlist 11/15 $AAPL $ADBE $AMD $AMZN $BA $BABA $BYND $CAT $CMG $DIS $FB $FDX $GOOGL $HD $IWM $JPM $LMT $LOWâ€¦ https://t.co/eUrvBeNULJ
11/15/2019 4:04,"RT @RampCapitalLLC: Hereâ€™s my current stock watchlist:

$EBAY
$PYPL
$SQ
$TSLA
$EA
$IQ
$NFLX
$DE
$INTC
$DIS
$NVDA
$T
$KHC
$IBM
$LYFT
$LULU
$â€¦"
11/15/2019 4:10,RT @TheFireguy343: #Watchlist 11/15 $AAPL $ADBE $AMD $AMZN $BA $BABA $BYND $CAT $CMG $DIS $FB $FDX $GOOGL $HD $IWM $JPM $LMT $LOW $LULU $MAâ€¦
11/15/2019 4:12,"RT @RampCapitalLLC: Hereâ€™s my current stock watchlist:

$EBAY
$PYPL
$SQ
$TSLA
$EA
$IQ
$NFLX
$DE
$INTC
$DIS
$NVDA
$T
$KHC
$IBM
$LYFT
$LULU
$â€¦"
11/15/2019 4:12,"RT @RampCapitalLLC: Hereâ€™s my current stock watchlist:

$EBAY
$PYPL
$SQ
$TSLA
$EA
$IQ
$NFLX
$DE
$INTC
$DIS
$NVDA
$T
$KHC
$IBM
$LYFT
$LULU
$â€¦"
11/15/2019 4:16,"RT @RampCapitalLLC: Hereâ€™s my current stock watchlist:

$EBAY
$PYPL
$SQ
$TSLA
$EA
$IQ
$NFLX
$DE
$INTC
$DIS
$NVDA
$T
$KHC
$IBM
$LYFT
$LULU
$â€¦"
11/15/2019 4:20,"RT @RampCapitalLLC: Hereâ€™s my current stock watchlist:

$EBAY
$PYPL
$SQ
$TSLA
$EA
$IQ
$NFLX
$DE
$INTC
$DIS
$NVDA
$T
$KHC
$IBM
$LYFT
$LULU
$â€¦"
11/15/2019 4:22,"RT @RampCapitalLLC: Hereâ€™s my current stock watchlist:

$EBAY
$PYPL
$SQ
$TSLA
$EA
$IQ
$NFLX
$DE
$INTC
$DIS
$NVDA
$T
$KHC
$IBM
$LYFT
$LULU
$â€¦"
11/15/2019 4:22,"RT @RampCapitalLLC: Hereâ€™s my current stock watchlist:

$EBAY
$PYPL
$SQ
$TSLA
$EA
$IQ
$NFLX
$DE
$INTC
$DIS
$NVDA
$T
$KHC
$IBM
$LYFT
$LULU
$â€¦"
11/15/2019 4:26,"RT @RampCapitalLLC: Hereâ€™s my current stock watchlist:

$EBAY
$PYPL
$SQ
$TSLA
$EA
$IQ
$NFLX
$DE
$INTC
$DIS
$NVDA
$T
$KHC
$IBM
$LYFT
$LULU
$â€¦"
11/15/2019 4:30,"#Watchlist for 11/15

$AAPL $AMD $AMZN $AZO $BA $BABA $BYND $CAT $CMG $DIS $FB $FDX $GLD $GOOGL $IWM $JPM $LMT $LOWâ€¦ https://t.co/v7wBRJRt8J"
11/15/2019 5:00,"RT @RampCapitalLLC: Hereâ€™s my current stock watchlist:

$EBAY
$PYPL
$SQ
$TSLA
$EA
$IQ
$NFLX
$DE
$INTC
$DIS
$NVDA
$T
$KHC
$IBM
$LYFT
$LULU
$â€¦"
11/15/2019 5:40,"RT @RampCapitalLLC: Hereâ€™s my current stock watchlist:

$EBAY
$PYPL
$SQ
$TSLA
$EA
$IQ
$NFLX
$DE
$INTC
$DIS
$NVDA
$T
$KHC
$IBM
$LYFT
$LULU
$â€¦"
11/15/2019 5:55,"RT @RampCapitalLLC: Hereâ€™s my current stock watchlist:

$EBAY
$PYPL
$SQ
$TSLA
$EA
$IQ
$NFLX
$DE
$INTC
$DIS
$NVDA
$T
$KHC
$IBM
$LYFT
$LULU
$â€¦"
11/15/2019 6:39,"RT @RampCapitalLLC: Hereâ€™s my current stock watchlist:

$EBAY
$PYPL
$SQ
$TSLA
$EA
$IQ
$NFLX
$DE
$INTC
$DIS
$NVDA
$T
$KHC
$IBM
$LYFT
$LULU
$â€¦"
11/15/2019 6:46,"Claim FREE VertCoin for watching videos â€“ current returns: 0.2451 $VTC daily

https://t.co/wVJWcZxCV4

$CMPCO $ONXâ€¦ https://t.co/axl53E0pTl"
11/15/2019 7:16,"$TEN $ADS $AGO
$DANG! $HE $HUM $TOO $LOW
$I $BIT $OUT $HUBS"
11/15/2019 7:19,Factors Likely to Influence J. C. Penney (JCP) in Q3 Earnings $LOW $PLCE $DG $JCP https://t.co/c5vZUDSqIr
11/15/2019 7:50,Investment Analystsâ€™ Recent Ratings Updates for Loweâ€™s Companies $LOW https://t.co/MIXeXzEJNT
11/15/2019 7:53,Investment Analystsâ€™ Recent Ratings Updates for Loweâ€™s Companies $LOW https://t.co/dYqYoQUghj
11/15/2019 7:54,Investment Analystsâ€™ Recent Ratings Updates for Loweâ€™s Companies $LOW https://t.co/7xDnhukhCk #stocks
11/15/2019 8:10,"RT @RampCapitalLLC: Hereâ€™s my current stock watchlist:

$EBAY
$PYPL
$SQ
$TSLA
$EA
$IQ
$NFLX
$DE
$INTC
$DIS
$NVDA
$T
$KHC
$IBM
$LYFT
$LULU
$â€¦"
11/15/2019 8:24,RT @newsfilterio: Factors Likely to Influence J. C. Penney (JCP) in Q3 Earnings $LOW $PLCE $DG $JCP https://t.co/c5vZUDSqIr
11/15/2019 8:32,$LOW showing up in our top breakout selection. https://t.co/tM5KEVFBhy
11/15/2019 9:12,"RT @RampCapitalLLC: Hereâ€™s my current stock watchlist:

$EBAY
$PYPL
$SQ
$TSLA
$EA
$IQ
$NFLX
$DE
$INTC
$DIS
$NVDA
$T
$KHC
$IBM
$LYFT
$LULU
$â€¦"
11/15/2019 9:49,"RT @RampCapitalLLC: Hereâ€™s my current stock watchlist:

$EBAY
$PYPL
$SQ
$TSLA
$EA
$IQ
$NFLX
$DE
$INTC
$DIS
$NVDA
$T
$KHC
$IBM
$LYFT
$LULU
$â€¦"
11/15/2019 11:17,"$LOW's price moved above its 50-day Moving Average on October 30, 2019. View odds for this and other indicators:â€¦ https://t.co/QCzc2QqvHr"
11/15/2019 11:19,"RT @Tickeron: $LOW's price moved above its 50-day Moving Average on October 30, 2019. View odds for this and other indicators: https://t.coâ€¦"
11/15/2019 11:39,"RT @RampCapitalLLC: Hereâ€™s my current stock watchlist:

$EBAY
$PYPL
$SQ
$TSLA
$EA
$IQ
$NFLX
$DE
$INTC
$DIS
$NVDA
$T
$KHC
$IBM
$LYFT
$LULU
$â€¦"
11/15/2019 11:56,"RT @RampCapitalLLC: Hereâ€™s my current stock watchlist:

$EBAY
$PYPL
$SQ
$TSLA
$EA
$IQ
$NFLX
$DE
$INTC
$DIS
$NVDA
$T
$KHC
$IBM
$LYFT
$LULU
$â€¦"
11/15/2019 11:59,"RT @RampCapitalLLC: Hereâ€™s my current stock watchlist:

$EBAY
$PYPL
$SQ
$TSLA
$EA
$IQ
$NFLX
$DE
$INTC
$DIS
$NVDA
$T
$KHC
$IBM
$LYFT
$LULU
$â€¦"
11/15/2019 12:02,"RT @RampCapitalLLC: Hereâ€™s my current stock watchlist:

$EBAY
$PYPL
$SQ
$TSLA
$EA
$IQ
$NFLX
$DE
$INTC
$DIS
$NVDA
$T
$KHC
$IBM
$LYFT
$LULU
$â€¦"
11/15/2019 12:07,The arbitrary choice of today: $CMT $WORK $WCN $KBH $UIHC $LOW $SBE= $TCF $DNKN $CCC+. More details at https://t.co/FOOriXawTk
11/15/2019 12:21,Vanilla Ice cream // $low Dee
11/15/2019 12:33,"$LOW $TGT $DG $ROST:

Will Higher Revenues Drive Targetâ€™s (TGT) Q3 Earnings?:

https://t.co/4fjI04PlBh"
11/15/2019 12:37,"RT @RampCapitalLLC: Hereâ€™s my current stock watchlist:

$EBAY
$PYPL
$SQ
$TSLA
$EA
$IQ
$NFLX
$DE
$INTC
$DIS
$NVDA
$T
$KHC
$IBM
$LYFT
$LULU
$â€¦"
11/15/2019 12:40,7 Earnings Reports to Watch Next Week $XRT https://t.co/n0M04F8E1e $HD $TJX $LOW $TGT $PDD $M $SPLK
11/15/2019 12:41,"RT @RampCapitalLLC: Hereâ€™s my current stock watchlist:

$EBAY
$PYPL
$SQ
$TSLA
$EA
$IQ
$NFLX
$DE
$INTC
$DIS
$NVDA
$T
$KHC
$IBM
$LYFT
$LULU
$â€¦"
11/15/2019 13:00,"RT @RampCapitalLLC: Hereâ€™s my current stock watchlist:

$EBAY
$PYPL
$SQ
$TSLA
$EA
$IQ
$NFLX
$DE
$INTC
$DIS
$NVDA
$T
$KHC
$IBM
$LYFT
$LULU
$â€¦"
11/15/2019 13:03,$VTGN DOWN 72% BOUNCING premarketðŸ’¸ðŸ“ˆâœˆðŸ›’ $LOW $TWTR $LLY $ABMD $RHT $MCD $TTWO $UTX $CL $DWDP $PEP $PYPL $CELG $COSTâ€¦ https://t.co/RNG0tENptc
11/15/2019 13:08,"RT @RampCapitalLLC: Hereâ€™s my current stock watchlist:

$EBAY
$PYPL
$SQ
$TSLA
$EA
$IQ
$NFLX
$DE
$INTC
$DIS
$NVDA
$T
$KHC
$IBM
$LYFT
$LULU
$â€¦"
11/15/2019 13:50,$HD $LOW - Home Depot and Lowe's sized up ahead of earnings week https://t.co/18msarIXXD
11/15/2019 13:54,$HD $LOW NEW ARTICLE : Home Depot and Lowe's sized up ahead of earnings week https://t.co/gmV4IKIjsP Get all the laâ€¦ https://t.co/5XSNjt0jgc
11/15/2019 14:00,"RT @RampCapitalLLC: Hereâ€™s my current stock watchlist:

$EBAY
$PYPL
$SQ
$TSLA
$EA
$IQ
$NFLX
$DE
$INTC
$DIS
$NVDA
$T
$KHC
$IBM
$LYFT
$LULU
$â€¦"
11/15/2019 14:17,"Claim FREE Dogecoin for watching videos â€“ current returns: 648.6066 $DOGE daily

https://t.co/pmv7bNVBhe

$BBP $LOWâ€¦ https://t.co/hXgPPdmPBK"
11/15/2019 14:41,JP Morgan in the $HD $LOW earnings preview mentions possibility of $HD taking down comps algo at its December invesâ€¦ https://t.co/atA8RZBtHN
11/15/2019 14:41,"October #Retail sales 

Again, retail sales look good to me.  

- Sales (ex auto &amp; Gas) in the same +3-4% YoY band.â€¦ https://t.co/JXI9wfgORL"
11/15/2019 14:50,Loweâ€™s Companies $LOW Price Target Raised to $130.00 at Jefferies Financial Group https://t.co/Wd0ClFA9mK #stocks
11/15/2019 14:53,$HD $LOW - Home Depot and Lowe's sized up ahead of earnings week https://t.co/S34IVzUKRx
11/15/2019 15:10,"RT @RampCapitalLLC: Hereâ€™s my current stock watchlist:

$EBAY
$PYPL
$SQ
$TSLA
$EA
$IQ
$NFLX
$DE
$INTC
$DIS
$NVDA
$T
$KHC
$IBM
$LYFT
$LULU
$â€¦"
11/15/2019 15:13,RT @MuppetTrading: JP Morgan in the $HD $LOW earnings preview mentions possibility of $HD taking down comps algo at its December investor mâ€¦
11/15/2019 15:13,RT @BWUIC: $HD $LOW - Home Depot and Lowe's sized up ahead of earnings week https://t.co/S34IVzUKRx
11/15/2019 15:27,$HD $LOW - Home Depot and Lowe's sized up ahead of earnings week https://t.co/4OGYnBdndN
11/15/2019 15:27,Jefferies predicts $HD will outperform $LOW in next week's earnings reports  https://t.co/YGStjOq9U7
11/15/2019 15:33,Home Depot and Lowe's sized up ahead of earnings week $HD $LOW https://t.co/W9DE4bQHUj
11/15/2019 15:49,"RT @RampCapitalLLC: Hereâ€™s my current stock watchlist:

$EBAY
$PYPL
$SQ
$TSLA
$EA
$IQ
$NFLX
$DE
$INTC
$DIS
$NVDA
$T
$KHC
$IBM
$LYFT
$LULU
$â€¦"
11/15/2019 15:52,"Home Depot and Lowe's sized up ahead of earnings week https://t.co/o0LqAEZStZ $HD, $LOW Great Dividend Stock BUY HD!"
11/15/2019 15:54,$VTGN closed DOWN 72%. News digested bouncing $LOW $TWTR $LLY $ABMD $RHT $MCD $TTWO $UTX $CL $DWDP $PEP $PYPL $CELGâ€¦ https://t.co/e6lN9CRvuF
11/15/2019 16:03,See the latest #broker #ratings changes https://t.co/f9jwmi1pWV $AMAT $ACB $BKR $GRUB $NVDA $QCOM $CGC $SMTC $CNPâ€¦ https://t.co/gvubpZYGaI
11/15/2019 16:06,RT @Briefingcom: See the latest #broker #ratings changes https://t.co/f9jwmi1pWV $AMAT $ACB $BKR $GRUB $NVDA $QCOM $CGC $SMTC $CNP $WB $AGCâ€¦
11/15/2019 16:47,"$OUT $A $RATE
$IT $YELP $MR $LAD
$TOO $LOW"
11/15/2019 16:48,$VTGN getting LOADED. DOWN 72% BOUNCINGðŸ’¸ðŸ“ˆâœˆ $LOW $TWTR $LLY $ABMD $RHT $MCD $TTWO $UTX $CL $DWDP $PEP $PYPL $CELGâ€¦ https://t.co/X5Jvn2zXSr
11/15/2019 16:52,"RT @RampCapitalLLC: Hereâ€™s my current stock watchlist:

$EBAY
$PYPL
$SQ
$TSLA
$EA
$IQ
$NFLX
$DE
$INTC
$DIS
$NVDA
$T
$KHC
$IBM
$LYFT
$LULU
$â€¦"
11/15/2019 17:27,Rose Above Upper Bollinger Band today: $MFMS $KSS $LOW ... https://t.co/AyIukUGmib
11/15/2019 17:35,RT @SwingTradeBot: Rose Above Upper Bollinger Band today: $MFMS $KSS $LOW ... https://t.co/AyIukUGmib
11/15/2019 17:47,"$IT $ACE $MR $GEL $OUT $A $GEL
$MR $LEAF
$I $EFF $LOW"
11/15/2019 17:58,$LOW Option Order Flow Sentiment is 54.7% Bullish. https://t.co/V06xREpdRQ
11/15/2019 18:10,"RT @RampCapitalLLC: Hereâ€™s my current stock watchlist:

$EBAY
$PYPL
$SQ
$TSLA
$EA
$IQ
$NFLX
$DE
$INTC
$DIS
$NVDA
$T
$KHC
$IBM
$LYFT
$LULU
$â€¦"
11/15/2019 18:23,"Coverage Initiations, Resumptions &amp; PT Changes: $PAYS $EXAS $TMO $ILMN $DDS $WMT $AAPL $HD $LOW $AMAT ðŸ˜˜ #StayGreenâ€¦ https://t.co/ATnRKVn7zS"
11/15/2019 19:18,Loweâ€™s Companies $LOW Given New $130.00 Price Target at Jefferies Financial Group https://t.co/cyj0cWaIGU
11/15/2019 19:26,"Attractive call overwrites: $WDC calls more expensive than 100% of history, $LOW 100%, $VALE 100%, $HD 100%, $TGT 100%, $XLI 100%, $FDX 100%"
11/15/2019 19:33,$LOW 22-Nov-19 ATM Implied Volatility is up +6.3%. Straddle Implies a Move of Â±6.9%. Earnings Nov 20 BMO. https://t.co/Mj3hlxyZLQ
11/15/2019 19:37,"RT @getvolatility: Attractive call overwrites: $WDC calls more expensive than 100% of history, $LOW 100%, $VALE 100%, $HD 100%, $TGT 100%,â€¦"
11/15/2019 19:38,Not a lot of earnings next week. Most companies have reported. But I'll be watching $MANU $HD $TJX $KSS $MDT $URBNâ€¦ https://t.co/UA1qtaZh2s
11/15/2019 19:53,$SPX #stocks $HD $MDT $LOW $TJX $INTU $TGT $ROST $TDG $SJM $KSS $GPS $JWN $M $LB and $URBN highlight the names setâ€¦ https://t.co/ShawiGygan
11/15/2019 20:03,Upcoming #earnings conference calls https://t.co/K4KO9JYhxN $JKS $HD $URBN $LOW $M $LB $SQM $BRC $GPS $FL $DELL $DE
11/15/2019 20:26,"Every Friday @frank_kaberna &amp; @TraderNickyBAT review the week in stocks, looking at the drivers &amp; draggers. Here arâ€¦ https://t.co/6wU7s2kblc"
11/15/2019 21:28,$VTGN -72% OVERSOLD. BOUNCING AFTERHOURSðŸ’¸ $LOW $TWTR $LLY $ABMD $RHT $MCD $TTWO $UTX $CL $DWDP $PEP $PYPL $CELGâ€¦ https://t.co/A8Kzhtmy0N
11/15/2019 22:20,"MY TOP5 best companies sector - Building &amp; Construction - long term: 

1: Ingersoll-Rand PLC $IR

2: Lennox Internaâ€¦ https://t.co/dsnvP8QtOl"
11/15/2019 22:30,$WMT $LOW Stocks Breeze to Records as Trade Hopes Cover Up Economic Gloom via https://t.co/dU2ohMsCEH
11/15/2019 22:36,2019-11-14 Short sale volume (not short interest) for $LOW is 32%. https://t.co/zYTIy5DKlO $HD 42% $LL 64% $BLDR 47%
11/15/2019 23:40,"RT @dividendc2: MY TOP5 best companies sector - Building &amp; Construction - long term: 

1: Ingersoll-Rand PLC $IR

2: Lennox International Iâ€¦"
11/15/2019 23:47,$VTGN -72% OVERSOLD. BOUNCING AFTERHOURSðŸ’¸ $LOW $TWTR $LLY $ABMD $RHT $MCD $TTWO $UTX $CL $DWDP $PEP $PYPL $CELGâ€¦ https://t.co/KiWCgnS2vr
11/16/2019 15:21,"RT @eWhispers: #earnings 

https://t.co/lObOE0dgsr 

$TGT $HD $LOW $M $KSS $TJX $SPLK $MDT $MANU $FL $QD $PDD $TDG $BILI $BJ $BZUN $CCMP $Jâ€¦"
11/16/2019 15:24,"RT @eWhispers: #earnings 

https://t.co/lObOE0dgsr 

$TGT $HD $LOW $M $KSS $TJX $SPLK $MDT $MANU $FL $QD $PDD $TDG $BILI $BJ $BZUN $CCMP $Jâ€¦"
11/16/2019 15:28,"RT @eWhispers: #earnings 

https://t.co/lObOE0dgsr 

$TGT $HD $LOW $M $KSS $TJX $SPLK $MDT $MANU $FL $QD $PDD $TDG $BILI $BJ $BZUN $CCMP $Jâ€¦"
11/16/2019 15:32,"RT @eWhispers: #earnings 

https://t.co/lObOE0dgsr 

$TGT $HD $LOW $M $KSS $TJX $SPLK $MDT $MANU $FL $QD $PDD $TDG $BILI $BJ $BZUN $CCMP $Jâ€¦"
11/16/2019 15:34,"RT @eWhispers: #earnings 

https://t.co/lObOE0dgsr 

$TGT $HD $LOW $M $KSS $TJX $SPLK $MDT $MANU $FL $QD $PDD $TDG $BILI $BJ $BZUN $CCMP $Jâ€¦"
11/16/2019 15:34,"RT @eWhispers: #earnings 

https://t.co/lObOE0dgsr 

$TGT $HD $LOW $M $KSS $TJX $SPLK $MDT $MANU $FL $QD $PDD $TDG $BILI $BJ $BZUN $CCMP $Jâ€¦"
11/16/2019 15:37,"RT @eWhispers: #earnings 

https://t.co/lObOE0dgsr 

$TGT $HD $LOW $M $KSS $TJX $SPLK $MDT $MANU $FL $QD $PDD $TDG $BILI $BJ $BZUN $CCMP $Jâ€¦"
11/16/2019 15:38,"RT @eWhispers: #earnings 

https://t.co/lObOE0dgsr 

$TGT $HD $LOW $M $KSS $TJX $SPLK $MDT $MANU $FL $QD $PDD $TDG $BILI $BJ $BZUN $CCMP $Jâ€¦"
11/16/2019 15:43,"RT @eWhispers: #earnings 

https://t.co/lObOE0dgsr 

$TGT $HD $LOW $M $KSS $TJX $SPLK $MDT $MANU $FL $QD $PDD $TDG $BILI $BJ $BZUN $CCMP $Jâ€¦"
11/16/2019 15:43,"RT @eWhispers: #earnings 

https://t.co/lObOE0dgsr 

$TGT $HD $LOW $M $KSS $TJX $SPLK $MDT $MANU $FL $QD $PDD $TDG $BILI $BJ $BZUN $CCMP $Jâ€¦"
11/16/2019 15:45,"RT @eWhispers: #earnings 

https://t.co/lObOE0dgsr 

$TGT $HD $LOW $M $KSS $TJX $SPLK $MDT $MANU $FL $QD $PDD $TDG $BILI $BJ $BZUN $CCMP $Jâ€¦"
11/16/2019 15:47,"RT @eWhispers: #earnings 

https://t.co/lObOE0dgsr 

$TGT $HD $LOW $M $KSS $TJX $SPLK $MDT $MANU $FL $QD $PDD $TDG $BILI $BJ $BZUN $CCMP $Jâ€¦"
11/16/2019 15:50,@TrueBubbleHead @eWhispers Big list! $HD $LOW and $TGT reporting next week
11/16/2019 15:53,"RT @eWhispers: #earnings 

https://t.co/lObOE0dgsr 

$TGT $HD $LOW $M $KSS $TJX $SPLK $MDT $MANU $FL $QD $PDD $TDG $BILI $BJ $BZUN $CCMP $Jâ€¦"
11/16/2019 16:01,RT @ntfri: @TrueBubbleHead @eWhispers Big list! $HD $LOW and $TGT reporting next week
11/16/2019 16:01,"RT @eWhispers: #earnings 

https://t.co/lObOE0dgsr 

$TGT $HD $LOW $M $KSS $TJX $SPLK $MDT $MANU $FL $QD $PDD $TDG $BILI $BJ $BZUN $CCMP $Jâ€¦"
11/16/2019 16:03,"Earnings next week: 

Mon: $BILI $ASND $KRNT 
Tue: $HD $KSS $TJX $URBN (Retails) $PAGS 
Wed: $TGT $LOW $PDD (Retailâ€¦ https://t.co/JB0q7xrKbC"
11/16/2019 16:03,"Real Estate Powers Stocks To Records https://t.co/9NZ2jfihtS $BRK.B, $DHI, $HD, $IEF, $JCP, $KBH, $LOW, $QQQ, $RH,â€¦ https://t.co/RGP6xuBvmq"
11/16/2019 16:05,"RT @eWhispers: #earnings 

https://t.co/lObOE0dgsr 

$TGT $HD $LOW $M $KSS $TJX $SPLK $MDT $MANU $FL $QD $PDD $TDG $BILI $BJ $BZUN $CCMP $Jâ€¦"
11/16/2019 16:06,"RT @eWhispers: #earnings 

https://t.co/lObOE0dgsr 

$TGT $HD $LOW $M $KSS $TJX $SPLK $MDT $MANU $FL $QD $PDD $TDG $BILI $BJ $BZUN $CCMP $Jâ€¦"
11/16/2019 16:07,"RT @eWhispers: #earnings 

https://t.co/lObOE0dgsr 

$TGT $HD $LOW $M $KSS $TJX $SPLK $MDT $MANU $FL $QD $PDD $TDG $BILI $BJ $BZUN $CCMP $Jâ€¦"
11/16/2019 16:07,"RT @TraderLion_: Earnings next week: 

Mon: $BILI $ASND $KRNT 
Tue: $HD $KSS $TJX $URBN (Retails) $PAGS 
Wed: $TGT $LOW $PDD (Retails) $LBâ€¦"
11/16/2019 16:09,"RT @eWhispers: #earnings 

https://t.co/lObOE0dgsr 

$TGT $HD $LOW $M $KSS $TJX $SPLK $MDT $MANU $FL $QD $PDD $TDG $BILI $BJ $BZUN $CCMP $Jâ€¦"
11/16/2019 16:09,"RT @eWhispers: #earnings 

https://t.co/lObOE0dgsr 

$TGT $HD $LOW $M $KSS $TJX $SPLK $MDT $MANU $FL $QD $PDD $TDG $BILI $BJ $BZUN $CCMP $Jâ€¦"
11/16/2019 16:11,"RT @eWhispers: #earnings 

https://t.co/lObOE0dgsr 

$TGT $HD $LOW $M $KSS $TJX $SPLK $MDT $MANU $FL $QD $PDD $TDG $BILI $BJ $BZUN $CCMP $Jâ€¦"
11/16/2019 16:11,"RT @eWhispers: #earnings 

https://t.co/lObOE0dgsr 

$TGT $HD $LOW $M $KSS $TJX $SPLK $MDT $MANU $FL $QD $PDD $TDG $BILI $BJ $BZUN $CCMP $Jâ€¦"
11/16/2019 16:14,"RT @eWhispers: #earnings 

https://t.co/lObOE0dgsr 

$TGT $HD $LOW $M $KSS $TJX $SPLK $MDT $MANU $FL $QD $PDD $TDG $BILI $BJ $BZUN $CCMP $Jâ€¦"
11/16/2019 16:15,"RT @eWhispers: #earnings 

https://t.co/lObOE0dgsr 

$TGT $HD $LOW $M $KSS $TJX $SPLK $MDT $MANU $FL $QD $PDD $TDG $BILI $BJ $BZUN $CCMP $Jâ€¦"
11/16/2019 16:19,"RT @eWhispers: #earnings 

https://t.co/lObOE0dgsr 

$TGT $HD $LOW $M $KSS $TJX $SPLK $MDT $MANU $FL $QD $PDD $TDG $BILI $BJ $BZUN $CCMP $Jâ€¦"
11/16/2019 16:23,"RT @eWhispers: #earnings 

https://t.co/lObOE0dgsr 

$TGT $HD $LOW $M $KSS $TJX $SPLK $MDT $MANU $FL $QD $PDD $TDG $BILI $BJ $BZUN $CCMP $Jâ€¦"
11/16/2019 16:25,"RT @eWhispers: #earnings 

https://t.co/lObOE0dgsr 

$TGT $HD $LOW $M $KSS $TJX $SPLK $MDT $MANU $FL $QD $PDD $TDG $BILI $BJ $BZUN $CCMP $Jâ€¦"
11/16/2019 16:32,"#Economic and #Earnings for the week.

$TGT $HD $LOW $M $KSS $TJX $SPLK $MDT $MANU $FL $QD $PDD $TDG $BILI $BJâ€¦ https://t.co/yLTGSrKrZZ"
11/16/2019 16:38,"RT @eWhispers: #earnings 

https://t.co/lObOE0dgsr 

$TGT $HD $LOW $M $KSS $TJX $SPLK $MDT $MANU $FL $QD $PDD $TDG $BILI $BJ $BZUN $CCMP $Jâ€¦"
11/16/2019 16:38,"RT @eWhispers: #earnings 

https://t.co/lObOE0dgsr 

$TGT $HD $LOW $M $KSS $TJX $SPLK $MDT $MANU $FL $QD $PDD $TDG $BILI $BJ $BZUN $CCMP $Jâ€¦"
11/16/2019 16:40,"RT @eWhispers: #earnings 

https://t.co/lObOE0dgsr 

$TGT $HD $LOW $M $KSS $TJX $SPLK $MDT $MANU $FL $QD $PDD $TDG $BILI $BJ $BZUN $CCMP $Jâ€¦"
11/16/2019 16:47,"RT @eWhispers: #earnings 

https://t.co/lObOE0dgsr 

$TGT $HD $LOW $M $KSS $TJX $SPLK $MDT $MANU $FL $QD $PDD $TDG $BILI $BJ $BZUN $CCMP $Jâ€¦"
11/16/2019 16:49,"RT @eWhispers: #earnings 

https://t.co/lObOE0dgsr 

$TGT $HD $LOW $M $KSS $TJX $SPLK $MDT $MANU $FL $QD $PDD $TDG $BILI $BJ $BZUN $CCMP $Jâ€¦"
11/16/2019 16:50,"RT @eWhispers: #earnings 

https://t.co/lObOE0dgsr 

$TGT $HD $LOW $M $KSS $TJX $SPLK $MDT $MANU $FL $QD $PDD $TDG $BILI $BJ $BZUN $CCMP $Jâ€¦"
11/16/2019 16:55,"RT @eWhispers: #earnings 

https://t.co/lObOE0dgsr 

$TGT $HD $LOW $M $KSS $TJX $SPLK $MDT $MANU $FL $QD $PDD $TDG $BILI $BJ $BZUN $CCMP $Jâ€¦"
11/16/2019 17:10,"RT @TraderLion_: Earnings next week: 

Mon: $BILI $ASND $KRNT 
Tue: $HD $KSS $TJX $URBN (Retails) $PAGS 
Wed: $TGT $LOW $PDD (Retails) $LBâ€¦"
11/16/2019 17:19,"RT @eWhispers: #earnings 

https://t.co/lObOE0dgsr 

$TGT $HD $LOW $M $KSS $TJX $SPLK $MDT $MANU $FL $QD $PDD $TDG $BILI $BJ $BZUN $CCMP $Jâ€¦"
11/16/2019 17:22,"RT @eWhispers: #earnings 

https://t.co/lObOE0dgsr 

$TGT $HD $LOW $M $KSS $TJX $SPLK $MDT $MANU $FL $QD $PDD $TDG $BILI $BJ $BZUN $CCMP $Jâ€¦"
11/16/2019 17:25,"RT @eWhispers: #earnings 

https://t.co/lObOE0dgsr 

$TGT $HD $LOW $M $KSS $TJX $SPLK $MDT $MANU $FL $QD $PDD $TDG $BILI $BJ $BZUN $CCMP $Jâ€¦"
11/16/2019 17:29,"#earnings 

https://t.co/blnChAS5A0 

$TGT $HD $LOW $M $KSS $TJX $SPLK $MDT $MANU $FL $QD $PDD $TDG $BILI $BJ $BZUNâ€¦ https://t.co/XpBK10wvhQ"
11/16/2019 17:30,"Day In Review 11/15 part 1

Full Video: https://t.co/TPoChKlwEq

https://t.co/6ApU6Begvi 

$AAPL $AMD $AMZN $AZOâ€¦ https://t.co/uqA03PISqx"
11/16/2019 17:32,"Day In Review 11/15 part 2

Full Video: https://t.co/TPoChKlwEq

https://t.co/6ApU6Begvi 

$AAPL $AMD $AMZN $AZOâ€¦ https://t.co/5336RYjYT1"
11/16/2019 17:33,"RT @eWhispers: #earnings 

https://t.co/lObOE0dgsr 

$TGT $HD $LOW $M $KSS $TJX $SPLK $MDT $MANU $FL $QD $PDD $TDG $BILI $BJ $BZUN $CCMP $Jâ€¦"
11/16/2019 17:41,"RT @eWhispers: #earnings 

https://t.co/lObOE0dgsr 

$TGT $HD $LOW $M $KSS $TJX $SPLK $MDT $MANU $FL $QD $PDD $TDG $BILI $BJ $BZUN $CCMP $Jâ€¦"
11/16/2019 17:43,"RT @breadboxalerts: Day In Review 11/15 part 1

Full Video: https://t.co/TPoChKlwEq

https://t.co/6ApU6Begvi 

$AAPL $AMD $AMZN $AZO $BA $Bâ€¦"
11/16/2019 17:43,"RT @breadboxalerts: Day In Review 11/15 part 2

Full Video: https://t.co/TPoChKlwEq

https://t.co/6ApU6Begvi 

$AAPL $AMD $AMZN $AZO $BA $Bâ€¦"
11/16/2019 17:45,$low feet donâ€™t eat !
11/16/2019 17:48,"RT @breadboxalerts: Day In Review 11/15 part 1

Full Video: https://t.co/TPoChKlwEq

https://t.co/6ApU6Begvi 

$AAPL $AMD $AMZN $AZO $BA $Bâ€¦"
11/16/2019 17:48,"RT @breadboxalerts: Day In Review 11/15 part 2

Full Video: https://t.co/TPoChKlwEq

https://t.co/6ApU6Begvi 

$AAPL $AMD $AMZN $AZO $BA $Bâ€¦"
11/16/2019 18:27,Not much on the earnings calendar next week $TGT $HD $LOW $FL https://t.co/Azef4Zx2d3
11/16/2019 18:34,"RT @eWhispers: #earnings 

https://t.co/lObOE0dgsr 

$TGT $HD $LOW $M $KSS $TJX $SPLK $MDT $MANU $FL $QD $PDD $TDG $BILI $BJ $BZUN $CCMP $Jâ€¦"
11/16/2019 18:39,"RT @eWhispers: #earnings 

https://t.co/lObOE0dgsr 

$TGT $HD $LOW $M $KSS $TJX $SPLK $MDT $MANU $FL $QD $PDD $TDG $BILI $BJ $BZUN $CCMP $Jâ€¦"
11/16/2019 18:40,"RT @eWhispers: #earnings 

https://t.co/lObOE0dgsr 

$TGT $HD $LOW $M $KSS $TJX $SPLK $MDT $MANU $FL $QD $PDD $TDG $BILI $BJ $BZUN $CCMP $Jâ€¦"
11/16/2019 18:54,RT @jennyhongm: $TGT $HD $LOW $TJX $KSS https://t.co/yXQfR1xwgK
11/16/2019 18:54,RT @TopGunFP: Not much on the earnings calendar next week $TGT $HD $LOW $FL https://t.co/Azef4Zx2d3
11/16/2019 19:06,"RT @eWhispers: #earnings 

https://t.co/lObOE0dgsr 

$TGT $HD $LOW $M $KSS $TJX $SPLK $MDT $MANU $FL $QD $PDD $TDG $BILI $BJ $BZUN $CCMP $Jâ€¦"
11/16/2019 19:06,"RT @eWhispers: #earnings 

https://t.co/lObOE0dgsr 

$TGT $HD $LOW $M $KSS $TJX $SPLK $MDT $MANU $FL $QD $PDD $TDG $BILI $BJ $BZUN $CCMP $Jâ€¦"
11/16/2019 19:16,"RT @eWhispers: #earnings 

https://t.co/lObOE0dgsr 

$TGT $HD $LOW $M $KSS $TJX $SPLK $MDT $MANU $FL $QD $PDD $TDG $BILI $BJ $BZUN $CCMP $Jâ€¦"
11/16/2019 19:17,"$MR $RAD
$IT $CRY $MR $LOW $TEN $SEAS $AGO
$ADS $ARE $TWO $SEAS $AGO"
11/16/2019 19:18,"RT @eWhispers: #earnings 

https://t.co/lObOE0dgsr 

$TGT $HD $LOW $M $KSS $TJX $SPLK $MDT $MANU $FL $QD $PDD $TDG $BILI $BJ $BZUN $CCMP $Jâ€¦"
11/16/2019 19:19,"#earnings 

$TGT $HD $LOW $M $KSS $TJX $SPLK $MDT $MANU $FL $QD $PDD $TDG $BILI $BJ $BZUN $CCMP $JKS $DAVA $INTUâ€¦ https://t.co/olly3CpfC3"
11/16/2019 19:32,"RT @TraderLion_: Earnings next week: 

Mon: $BILI $ASND $KRNT 
Tue: $HD $KSS $TJX $URBN (Retails) $PAGS 
Wed: $TGT $LOW $PDD (Retails) $LBâ€¦"
11/16/2019 20:05,"RT @eWhispers: #earnings 

https://t.co/lObOE0dgsr 

$TGT $HD $LOW $M $KSS $TJX $SPLK $MDT $MANU $FL $QD $PDD $TDG $BILI $BJ $BZUN $CCMP $Jâ€¦"
11/16/2019 20:05,"RT @eWhispers: #earnings 

https://t.co/lObOE0dgsr 

$TGT $HD $LOW $M $KSS $TJX $SPLK $MDT $MANU $FL $QD $PDD $TDG $BILI $BJ $BZUN $CCMP $Jâ€¦"
11/16/2019 20:07,"RT @eWhispers: #earnings 

https://t.co/lObOE0dgsr 

$TGT $HD $LOW $M $KSS $TJX $SPLK $MDT $MANU $FL $QD $PDD $TDG $BILI $BJ $BZUN $CCMP $Jâ€¦"
11/16/2019 20:09,"RT @eWhispers: #earnings 

https://t.co/lObOE0dgsr 

$TGT $HD $LOW $M $KSS $TJX $SPLK $MDT $MANU $FL $QD $PDD $TDG $BILI $BJ $BZUN $CCMP $Jâ€¦"
11/16/2019 20:10,"RT @eWhispers: #earnings 

https://t.co/lObOE0dgsr 

$TGT $HD $LOW $M $KSS $TJX $SPLK $MDT $MANU $FL $QD $PDD $TDG $BILI $BJ $BZUN $CCMP $Jâ€¦"
11/16/2019 20:17,"$IT $ATE $MS $LOW
$IM $MS $RAD $TOO $MAIN
$MS $HOT"
11/16/2019 20:22,Well if this ainâ€™t the damn truth.... $LOW https://t.co/BMscaL6wyk
11/16/2019 20:55,"RT @eWhispers: #earnings 

https://t.co/lObOE0dgsr 

$TGT $HD $LOW $M $KSS $TJX $SPLK $MDT $MANU $FL $QD $PDD $TDG $BILI $BJ $BZUN $CCMP $Jâ€¦"
11/16/2019 21:01,RT @psk2329: Retail week. Tells us a lot about the health of the consumer. $TGT $HD $LOW $M $KSS $TJX $SPLK $MDT $MANU $FL $QD $PDD $TDG $Bâ€¦
11/16/2019 21:07,"RT @eWhispers: #earnings 

https://t.co/lObOE0dgsr 

$TGT $HD $LOW $M $KSS $TJX $SPLK $MDT $MANU $FL $QD $PDD $TDG $BILI $BJ $BZUN $CCMP $Jâ€¦"
11/16/2019 21:09,"RT @eWhispers: #earnings 

https://t.co/lObOE0dgsr 

$TGT $HD $LOW $M $KSS $TJX $SPLK $MDT $MANU $FL $QD $PDD $TDG $BILI $BJ $BZUN $CCMP $Jâ€¦"
11/16/2019 21:12,"RT @eWhispers: #earnings 

https://t.co/lObOE0dgsr 

$TGT $HD $LOW $M $KSS $TJX $SPLK $MDT $MANU $FL $QD $PDD $TDG $BILI $BJ $BZUN $CCMP $Jâ€¦"
11/16/2019 21:27,"Highly Ranked Stocks Reporting the Week of Nov 18th

$QD $WWD $ZTO $DAVA $HD $MMS $TJX $TDG $DL $ESE $LOW $QIWIâ€¦ https://t.co/GzoZ5fJBYH"
11/16/2019 21:32,"RT @EarningsSeason_: Highly Ranked Stocks Reporting the Week of Nov 18th

$QD $WWD $ZTO $DAVA $HD $MMS $TJX $TDG $DL $ESE $LOW $QIWI $TGT $â€¦"
11/16/2019 21:36,"$HD $KSS $TJX $TGT $LOW $MDT $M $ROST $SPLK $JWN $SJM $FL
#earnings 
#Trump #Xi #USA #China #Tradewar https://t.co/7HVqGTxmcO"
11/16/2019 21:36,"RT @eWhispers: #earnings 

https://t.co/lObOE0dgsr 

$TGT $HD $LOW $M $KSS $TJX $SPLK $MDT $MANU $FL $QD $PDD $TDG $BILI $BJ $BZUN $CCMP $Jâ€¦"
11/16/2019 21:37,"RT @eWhispers: #earnings 

https://t.co/lObOE0dgsr 

$TGT $HD $LOW $M $KSS $TJX $SPLK $MDT $MANU $FL $QD $PDD $TDG $BILI $BJ $BZUN $CCMP $Jâ€¦"
11/16/2019 21:43,"RT @MDLive4: $HD $KSS $TJX $TGT $LOW $MDT $M $ROST $SPLK $JWN $SJM $FL
#earnings 
#Trump #Xi #USA #China #Tradewar https://t.co/7HVqGTxmcO"
11/16/2019 21:46,$LX $QD $CRMT $KRNT $WWD $ZTO $ARMK $DAVA $HD $MMS $MDT $RADA $TJX $TDG $DL $ESE $PAGS $URBN $ELTK $GHG $LOW $OCSLâ€¦ https://t.co/ZOId531zmy
11/16/2019 21:47,"$BIT $AT $A $SAP
$MMM! $MEN $ARE $MS $KING
$DANG! $HUBS $ARE $TOO $LOW"
11/16/2019 21:49,RT @EarningsSeason_: $LX $QD $CRMT $KRNT $WWD $ZTO $ARMK $DAVA $HD $MMS $MDT $RADA $TJX $TDG $DL $ESE $PAGS $URBN $ELTK $GHG $LOW $OCSL $QIâ€¦
11/16/2019 21:51,"RT @eWhispers: #earnings 

https://t.co/lObOE0dgsr 

$TGT $HD $LOW $M $KSS $TJX $SPLK $MDT $MANU $FL $QD $PDD $TDG $BILI $BJ $BZUN $CCMP $Jâ€¦"
11/16/2019 21:56,"RT @eWhispers: #earnings 

https://t.co/lObOE0dgsr 

$TGT $HD $LOW $M $KSS $TJX $SPLK $MDT $MANU $FL $QD $PDD $TDG $BILI $BJ $BZUN $CCMP $Jâ€¦"
11/16/2019 22:02,"RT @eWhispers: #earnings 

https://t.co/lObOE0dgsr 

$TGT $HD $LOW $M $KSS $TJX $SPLK $MDT $MANU $FL $QD $PDD $TDG $BILI $BJ $BZUN $CCMP $Jâ€¦"
11/16/2019 22:08,RT @JohnTraderYork: Well if this ainâ€™t the damn truth.... $LOW https://t.co/BMscaL6wyk
11/16/2019 22:21,"Earnings next week States side!

$TGT $HD $LOW $M $KSS $TJX $SPLK $MDT $MANU $FL $QD $PDD $TDG $BILI $BJ $BZUNâ€¦ https://t.co/xov8zoKwCj"
11/16/2019 22:41,"RT @eWhispers: #earnings 

https://t.co/lObOE0dgsr 

$TGT $HD $LOW $M $KSS $TJX $SPLK $MDT $MANU $FL $QD $PDD $TDG $BILI $BJ $BZUN $CCMP $Jâ€¦"
11/16/2019 22:41,"Loweâ€™s Companies, Inc. $LOW Expected to Post Earnings of $1.34 Per Share https://t.co/8UvgaQKVnX #stocks"
11/16/2019 23:00,"RT @eWhispers: #earnings 

https://t.co/lObOE0dgsr 

$TGT $HD $LOW $M $KSS $TJX $SPLK $MDT $MANU $FL $QD $PDD $TDG $BILI $BJ $BZUN $CCMP $Jâ€¦"
11/16/2019 23:37,"RT @eWhispers: #earnings 

https://t.co/lObOE0dgsr 

$TGT $HD $LOW $M $KSS $TJX $SPLK $MDT $MANU $FL $QD $PDD $TDG $BILI $BJ $BZUN $CCMP $Jâ€¦"
11/16/2019 23:40,"RT @eWhispers: #earnings 

https://t.co/lObOE0dgsr 

$TGT $HD $LOW $M $KSS $TJX $SPLK $MDT $MANU $FL $QD $PDD $TDG $BILI $BJ $BZUN $CCMP $Jâ€¦"
11/16/2019 23:50,"RT @eWhispers: #earnings 

https://t.co/lObOE0dgsr 

$TGT $HD $LOW $M $KSS $TJX $SPLK $MDT $MANU $FL $QD $PDD $TDG $BILI $BJ $BZUN $CCMP $Jâ€¦"
11/16/2019 23:52,"RT @eWhispers: #earnings 

https://t.co/lObOE0dgsr 

$TGT $HD $LOW $M $KSS $TJX $SPLK $MDT $MANU $FL $QD $PDD $TDG $BILI $BJ $BZUN $CCMP $Jâ€¦"
11/16/2019 23:58,"RT @eWhispers: #earnings 

https://t.co/lObOE0dgsr 

$TGT $HD $LOW $M $KSS $TJX $SPLK $MDT $MANU $FL $QD $PDD $TDG $BILI $BJ $BZUN $CCMP $Jâ€¦"
11/17/2019 8:29,"RT @EarningsAhead: Earnings next week

$PLCE $DDS $LZB $GPS $FL $SJM $MDT $TJX $KSS $LOW $TGT $LB $WSM https://t.co/vMWJYFAWX9"
11/17/2019 8:32,"RT @eWhispers: #earnings 

https://t.co/lObOE0dgsr 

$TGT $HD $LOW $M $KSS $TJX $SPLK $MDT $MANU $FL $QD $PDD $TDG $BILI $BJ $BZUN $CCMP $Jâ€¦"
11/17/2019 8:34,"RT @eWhispers: #earnings 

https://t.co/lObOE0dgsr 

$TGT $HD $LOW $M $KSS $TJX $SPLK $MDT $MANU $FL $QD $PDD $TDG $BILI $BJ $BZUN $CCMP $Jâ€¦"
11/17/2019 8:40,"RT @eWhispers: #earnings 

https://t.co/lObOE0dgsr 

$TGT $HD $LOW $M $KSS $TJX $SPLK $MDT $MANU $FL $QD $PDD $TDG $BILI $BJ $BZUN $CCMP $Jâ€¦"
11/17/2019 9:01,"Look ahead - Nov 18, 2019 
https://t.co/84Td8h3QB7

âž¡ Stopgap Funding Bill
âž¡ Retail Earnings
âž¡ Economic Calendar
âž¡â€¦ https://t.co/fEUFZI43G9"
11/17/2019 9:23,"RT @eWhispers: #earnings 

https://t.co/lObOE0dgsr 

$TGT $HD $LOW $M $KSS $TJX $SPLK $MDT $MANU $FL $QD $PDD $TDG $BILI $BJ $BZUN $CCMP $Jâ€¦"
11/17/2019 9:50,"$LOW's price moved above its 50-day Moving Average on October 30, 2019. View odds for this and other indicators:â€¦ https://t.co/qVcs8KKXUi"
11/17/2019 10:07,Home Depot and Lowe's sized up ahead of earnings week $HD $LOW https://t.co/W9DE4bQHUj
11/17/2019 10:11,RT @newsfilterio: Home Depot and Lowe's sized up ahead of earnings week $HD $LOW https://t.co/W9DE4bQHUj
11/17/2019 11:51,"RT @eWhispers: #earnings 

https://t.co/lObOE0dgsr 

$TGT $HD $LOW $M $KSS $TJX $SPLK $MDT $MANU $FL $QD $PDD $TDG $BILI $BJ $BZUN $CCMP $Jâ€¦"
11/17/2019 11:58,"RT @eWhispers: #earnings 

https://t.co/lObOE0dgsr 

$TGT $HD $LOW $M $KSS $TJX $SPLK $MDT $MANU $FL $QD $PDD $TDG $BILI $BJ $BZUN $CCMP $Jâ€¦"
11/17/2019 12:12,Factors Setting the Tone for Hibbett (HIBB) in Q3 Earnings $LOW $WMT $ROST $HIBB https://t.co/2tsZfBR0Y5
11/17/2019 12:12,"RT @eWhispers: #earnings 

https://t.co/lObOE0dgsr 

$TGT $HD $LOW $M $KSS $TJX $SPLK $MDT $MANU $FL $QD $PDD $TDG $BILI $BJ $BZUN $CCMP $Jâ€¦"
11/17/2019 12:17,"$IM $FIT
$DATA $ARE $MS $LOW
$IT $MET $MY $INN $AT $A $STAG"
11/17/2019 12:28,"RT @eWhispers: #earnings 

https://t.co/lObOE0dgsr 

$TGT $HD $LOW $M $KSS $TJX $SPLK $MDT $MANU $FL $QD $PDD $TDG $BILI $BJ $BZUN $CCMP $Jâ€¦"
11/17/2019 12:31,"RT @eWhispers: #earnings 

https://t.co/lObOE0dgsr 

$TGT $HD $LOW $M $KSS $TJX $SPLK $MDT $MANU $FL $QD $PDD $TDG $BILI $BJ $BZUN $CCMP $Jâ€¦"
11/17/2019 12:37,"RT @eWhispers: #earnings 

https://t.co/lObOE0dgsr 

$TGT $HD $LOW $M $KSS $TJX $SPLK $MDT $MANU $FL $QD $PDD $TDG $BILI $BJ $BZUN $CCMP $Jâ€¦"
11/17/2019 12:43,RT @newsfilterio: Factors Setting the Tone for Hibbett (HIBB) in Q3 Earnings $LOW $WMT $ROST $HIBB https://t.co/2tsZfBR0Y5
11/17/2019 12:47,"RT @eWhispers: #earnings 

https://t.co/lObOE0dgsr 

$TGT $HD $LOW $M $KSS $TJX $SPLK $MDT $MANU $FL $QD $PDD $TDG $BILI $BJ $BZUN $CCMP $Jâ€¦"
11/17/2019 13:08,"RT @eWhispers: #earnings 

https://t.co/lObOE0dgsr 

$TGT $HD $LOW $M $KSS $TJX $SPLK $MDT $MANU $FL $QD $PDD $TDG $BILI $BJ $BZUN $CCMP $Jâ€¦"
11/17/2019 13:16,"RT @eWhispers: #earnings 

https://t.co/lObOE0dgsr 

$TGT $HD $LOW $M $KSS $TJX $SPLK $MDT $MANU $FL $QD $PDD $TDG $BILI $BJ $BZUN $CCMP $Jâ€¦"
11/17/2019 13:17,"RT @eWhispers: #earnings 

https://t.co/lObOE0dgsr 

$TGT $HD $LOW $M $KSS $TJX $SPLK $MDT $MANU $FL $QD $PDD $TDG $BILI $BJ $BZUN $CCMP $Jâ€¦"
11/17/2019 13:19,RT @adatherton: Will earnings from $HD $KSS $TJX $LOW $TGT etc. let $XLP and $XLY join the party? https://t.co/7BAPFChBfa
11/17/2019 13:27,"RT @eWhispers: #earnings 

https://t.co/lObOE0dgsr 

$TGT $HD $LOW $M $KSS $TJX $SPLK $MDT $MANU $FL $QD $PDD $TDG $BILI $BJ $BZUN $CCMP $Jâ€¦"
11/17/2019 13:29,"RT @eWhispers: #earnings 

https://t.co/lObOE0dgsr 

$TGT $HD $LOW $M $KSS $TJX $SPLK $MDT $MANU $FL $QD $PDD $TDG $BILI $BJ $BZUN $CCMP $Jâ€¦"
11/17/2019 13:32,"RT @eWhispers: #earnings 

https://t.co/lObOE0dgsr 

$TGT $HD $LOW $M $KSS $TJX $SPLK $MDT $MANU $FL $QD $PDD $TDG $BILI $BJ $BZUN $CCMP $Jâ€¦"
11/17/2019 13:45,"RT @eWhispers: #earnings 

https://t.co/lObOE0dgsr 

$TGT $HD $LOW $M $KSS $TJX $SPLK $MDT $MANU $FL $QD $PDD $TDG $BILI $BJ $BZUN $CCMP $Jâ€¦"
11/17/2019 13:59,"RT @eWhispers: #earnings 

https://t.co/lObOE0dgsr 

$TGT $HD $LOW $M $KSS $TJX $SPLK $MDT $MANU $FL $QD $PDD $TDG $BILI $BJ $BZUN $CCMP $Jâ€¦"
11/17/2019 14:00,Lowe's Companies $LOW Trading Report https://t.co/SBVfXXV0of Click for Buy/Sell
11/17/2019 14:05,Directional Bias for Lowe's Companies $LOW Trading Report https://t.co/xpHrbydTLH Click for Details https://t.co/B1LV7RUb41
11/17/2019 14:06,"RT @eWhispers: #earnings 

https://t.co/lObOE0dgsr 

$TGT $HD $LOW $M $KSS $TJX $SPLK $MDT $MANU $FL $QD $PDD $TDG $BILI $BJ $BZUN $CCMP $Jâ€¦"
11/17/2019 14:17,"$MS $EXAM
$EFF $MR $FUR $TOO $LOW
$AT $HUBS"
11/17/2019 14:19,"RT @eWhispers: #earnings 

https://t.co/lObOE0dgsr 

$TGT $HD $LOW $M $KSS $TJX $SPLK $MDT $MANU $FL $QD $PDD $TDG $BILI $BJ $BZUN $CCMP $Jâ€¦"
11/17/2019 14:32,"RT @eWhispers: #earnings 

https://t.co/lObOE0dgsr 

$TGT $HD $LOW $M $KSS $TJX $SPLK $MDT $MANU $FL $QD $PDD $TDG $BILI $BJ $BZUN $CCMP $Jâ€¦"
11/17/2019 14:35,"RT @eWhispers: #earnings 

https://t.co/lObOE0dgsr 

$TGT $HD $LOW $M $KSS $TJX $SPLK $MDT $MANU $FL $QD $PDD $TDG $BILI $BJ $BZUN $CCMP $Jâ€¦"
11/17/2019 14:47,"$IT $EFF $MS $HOT
$IT $BIT $MY $STAG
$HE $FLOW $LOW"
11/17/2019 15:02,"RT @eWhispers: #earnings 

https://t.co/lObOE0dgsr 

$TGT $HD $LOW $M $KSS $TJX $SPLK $MDT $MANU $FL $QD $PDD $TDG $BILI $BJ $BZUN $CCMP $Jâ€¦"
11/17/2019 15:08,"RT @eWhispers: #earnings 

https://t.co/lObOE0dgsr 

$TGT $HD $LOW $M $KSS $TJX $SPLK $MDT $MANU $FL $QD $PDD $TDG $BILI $BJ $BZUN $CCMP $Jâ€¦"
11/17/2019 15:08,$VTGN -72% OVERSOLD. BOUNCING #BIOTECHðŸ’¸ðŸ“ˆðŸ›’ $LOW $TWTR $LLY $ABMD $RHT $MCD $TTWO $UTX $CL $DWDP $PEP $PYPL $CELGâ€¦ https://t.co/mg9SgIe1uI
11/17/2019 15:16,"RT @eWhispers: #earnings 

https://t.co/lObOE0dgsr 

$TGT $HD $LOW $M $KSS $TJX $SPLK $MDT $MANU $FL $QD $PDD $TDG $BILI $BJ $BZUN $CCMP $Jâ€¦"
11/17/2019 15:20,"RT @eWhispers: #earnings 

https://t.co/lObOE0dgsr 

$TGT $HD $LOW $M $KSS $TJX $SPLK $MDT $MANU $FL $QD $PDD $TDG $BILI $BJ $BZUN $CCMP $Jâ€¦"
11/17/2019 15:24,"RT @EarningsSeason_: Highly Ranked Stocks Reporting the Week of Nov 18th

$QD $WWD $ZTO $DAVA $HD $MMS $TJX $TDG $DL $ESE $LOW $QIWI $TGT $â€¦"
11/17/2019 15:25,"RT @eWhispers: #earnings 

https://t.co/lObOE0dgsr 

$TGT $HD $LOW $M $KSS $TJX $SPLK $MDT $MANU $FL $QD $PDD $TDG $BILI $BJ $BZUN $CCMP $Jâ€¦"
11/17/2019 16:03,"RT @eWhispers: #earnings 

https://t.co/lObOE0dgsr 

$TGT $HD $LOW $M $KSS $TJX $SPLK $MDT $MANU $FL $QD $PDD $TDG $BILI $BJ $BZUN $CCMP $Jâ€¦"
11/17/2019 16:15,"RT @eWhispers: #earnings 

https://t.co/lObOE0dgsr 

$TGT $HD $LOW $M $KSS $TJX $SPLK $MDT $MANU $FL $QD $PDD $TDG $BILI $BJ $BZUN $CCMP $Jâ€¦"
11/17/2019 16:17,"RT @eWhispers: #earnings 

https://t.co/lObOE0dgsr 

$TGT $HD $LOW $M $KSS $TJX $SPLK $MDT $MANU $FL $QD $PDD $TDG $BILI $BJ $BZUN $CCMP $Jâ€¦"
11/17/2019 16:19,"RT @eWhispers: #earnings 

https://t.co/lObOE0dgsr 

$TGT $HD $LOW $M $KSS $TJX $SPLK $MDT $MANU $FL $QD $PDD $TDG $BILI $BJ $BZUN $CCMP $Jâ€¦"
11/17/2019 16:25,"Notable #Earnings To Watch This Week (via @eWhispers)

Mon: $CRMT $MANU $BILI 
Tues: $HD $KSS $TJX $URBN 
Wed: $TGTâ€¦ https://t.co/7FgG2X2dcQ"
11/17/2019 16:59,"RT @eWhispers: #earnings 

https://t.co/lObOE0dgsr 

$TGT $HD $LOW $M $KSS $TJX $SPLK $MDT $MANU $FL $QD $PDD $TDG $BILI $BJ $BZUN $CCMP $Jâ€¦"
11/17/2019 17:02,"RT @eWhispers: #earnings 

https://t.co/lObOE0dgsr 

$TGT $HD $LOW $M $KSS $TJX $SPLK $MDT $MANU $FL $QD $PDD $TDG $BILI $BJ $BZUN $CCMP $Jâ€¦"
11/17/2019 17:09,"#Earnings for the week November 18, 2019 are #Target $TGT, #HomeDepot $HD, #Lowes $LOW, #Macys $M, #Kohls $KSS,â€¦ https://t.co/coYWxQJLfh"
11/17/2019 17:16,"#Stocks visible on published graphs:

$AMZN $BKNG $CCL $F $GM $HD $LVS $LOW $MAR $MCD $NFLX $NKE $ORLY $ROST $SIRIâ€¦ https://t.co/XU3KAMeRwa"
11/17/2019 17:16,"RT @11Graphs: #Stocks visible on published graphs:

$AMZN $BKNG $CCL $F $GM $HD $LVS $LOW $MAR $MCD $NFLX $NKE $ORLY $ROST $SIRI $SBUX $TSLâ€¦"
11/17/2019 17:34,"RT @eWhispers: #earnings 

https://t.co/lObOE0dgsr 

$TGT $HD $LOW $M $KSS $TJX $SPLK $MDT $MANU $FL $QD $PDD $TDG $BILI $BJ $BZUN $CCMP $Jâ€¦"
11/17/2019 17:48,"RT @Options_ashda: #earnings 

$BILI 14%
$HD  3.51%
$KSS  9.12%
$TJX 7.94%
$MDT 3.41%
$URBN 8.24%
$TGT 6.85%
$LOW 6.82%
$NTES 6.87%
$JACK 8â€¦"
11/17/2019 17:50,"Some implied move for #earnings next week :

$BILI 14%
$HD  3.51%
$KSS  9.12%
$TJX 7.94%
$MDT 3.41%
$URBN 8.24%â€¦ https://t.co/F6QupXSToL"
11/17/2019 18:40,"Aspen Insurance Holdings Limited, (NYSE: AHL), Lowe&amp;#39;s Companies, Inc., (NYSE ... https://t.co/oL0krcJhmQ $LOW #stocks #stockmarket"
11/17/2019 19:03,"#earnings #haikhuu #hk $HK

$TGT $HD $LOW $M $KSS $TJX $SPLK $MDT $MANU $FL $QD $PDD $TDG $BILI $BJ $BZUN $CCMPâ€¦ https://t.co/2lAQCquQvG"
11/17/2019 19:26,Today Robert W. Baird Keeps a Buy Rating on Home Depot (NYSE:HD) and a $195.0 ... https://t.co/c99AakJUHy $LOW #stocks #stockmarket
11/17/2019 19:33,"Some implied moves for #earnings not week:

$HD 3.5%
$KSS 8.1%
$TJX 6.5%
$TGT 6.8%
$LOW 7.0%
$SONO 15.5%
$NTES 7.6%â€¦ https://t.co/aZ3Bd6wASb"
11/17/2019 19:36,"RT @OMillionaires: Some implied moves for #earnings not week:

$HD 3.5%
$KSS 8.1%
$TJX 6.5%
$TGT 6.8%
$LOW 7.0%
$SONO 15.5%
$NTES 7.6%
$M 1â€¦"
11/17/2019 19:41,"RT @eWhispers: #earnings 

https://t.co/lObOE0dgsr 

$TGT $HD $LOW $M $KSS $TJX $SPLK $MDT $MANU $FL $QD $PDD $TDG $BILI $BJ $BZUN $CCMP $Jâ€¦"
11/17/2019 19:43,"RT @eWhispers: #earnings 

https://t.co/lObOE0dgsr 

$TGT $HD $LOW $M $KSS $TJX $SPLK $MDT $MANU $FL $QD $PDD $TDG $BILI $BJ $BZUN $CCMP $Jâ€¦"
11/17/2019 19:46,"RT @OMillionaires: Some implied moves for #earnings not week:

$HD 3.5%
$KSS 8.1%
$TJX 6.5%
$TGT 6.8%
$LOW 7.0%
$SONO 15.5%
$NTES 7.6%
$M 1â€¦"
11/17/2019 19:46,"RT @eWhispers: #earnings 

https://t.co/lObOE0dgsr 

$TGT $HD $LOW $M $KSS $TJX $SPLK $MDT $MANU $FL $QD $PDD $TDG $BILI $BJ $BZUN $CCMP $Jâ€¦"
11/17/2019 19:48,"RT @OMillionaires: Some implied moves for #earnings not week:

$HD 3.5%
$KSS 8.1%
$TJX 6.5%
$TGT 6.8%
$LOW 7.0%
$SONO 15.5%
$NTES 7.6%
$M 1â€¦"
11/17/2019 19:53,A big week of retail earnings on deck. Dividend Growth Investing retailing stocks that will report this week includâ€¦ https://t.co/cZYAEOtfoy
11/17/2019 19:57,RT @BrandonVanZee: A big week of retail earnings on deck. Dividend Growth Investing retailing stocks that will report this week include: $Tâ€¦
11/17/2019 19:58,"RT @OMillionaires: Some implied moves for #earnings not week:

$HD 3.5%
$KSS 8.1%
$TJX 6.5%
$TGT 6.8%
$LOW 7.0%
$SONO 15.5%
$NTES 7.6%
$M 1â€¦"
11/17/2019 19:59,"RT @OMillionaires: Some implied moves for #earnings not week:

$HD 3.5%
$KSS 8.1%
$TJX 6.5%
$TGT 6.8%
$LOW 7.0%
$SONO 15.5%
$NTES 7.6%
$M 1â€¦"
11/17/2019 20:00,"RT @OMillionaires: Some implied moves for #earnings not week:

$HD 3.5%
$KSS 8.1%
$TJX 6.5%
$TGT 6.8%
$LOW 7.0%
$SONO 15.5%
$NTES 7.6%
$M 1â€¦"
11/17/2019 20:06,"RT @OMillionaires: Some implied moves for #earnings not week:

$HD 3.5%
$KSS 8.1%
$TJX 6.5%
$TGT 6.8%
$LOW 7.0%
$SONO 15.5%
$NTES 7.6%
$M 1â€¦"
11/17/2019 20:10,"Earnings Clues on Visa Inc. (V), Lowe&amp;#39;s Companies, Inc. (LOW) Analyst&amp;#39;s ... https://t.co/eAHodC2v41 $LOW #stocks #stockmarket"
11/17/2019 20:15,"RT @OMillionaires: Some implied moves for #earnings not week:

$HD 3.5%
$KSS 8.1%
$TJX 6.5%
$TGT 6.8%
$LOW 7.0%
$SONO 15.5%
$NTES 7.6%
$M 1â€¦"
11/17/2019 20:33,"Lowes Companies $LOW is currently +3.5% at $115.52. Earnings due early Wed', should be reasonable. FPE 17s. Y 1.9%.â€¦ https://t.co/rl1v1Jlxgd"
11/17/2019 20:46,"RT @11Graphs: #Stocks visible on published graphs:

$AMZN $BKNG $CCL $F $GM $HD $LVS $LOW $MAR $MCD $NFLX $NKE $ORLY $ROST $SIRI $SBUX $TSLâ€¦"
11/17/2019 20:51,"#FelizDomingo
Para la prÃ³xima semana destacamos los informes de #Target  #HomeDepot #Macys #UrbanOutfiters #GAP y Fâ€¦ https://t.co/kZbt0QEBZ8"
11/17/2019 20:55,"RT @OMillionaires: Some implied moves for #earnings not week:

$HD 3.5%
$KSS 8.1%
$TJX 6.5%
$TGT 6.8%
$LOW 7.0%
$SONO 15.5%
$NTES 7.6%
$M 1â€¦"
11/17/2019 20:59,"RT @OMillionaires: Some implied moves for #earnings not week:

$HD 3.5%
$KSS 8.1%
$TJX 6.5%
$TGT 6.8%
$LOW 7.0%
$SONO 15.5%
$NTES 7.6%
$M 1â€¦"
11/17/2019 21:00,Loweâ€™s Companies $LOW Price Target Increased to $130.00 by Analysts at Jefferies Financial Group https://t.co/TZi5FQeMAH
11/17/2019 21:17,"RT @eWhispers: #earnings 

https://t.co/lObOE0dgsr 

$TGT $HD $LOW $M $KSS $TJX $SPLK $MDT $MANU $FL $QD $PDD $TDG $BILI $BJ $BZUN $CCMP $Jâ€¦"
11/17/2019 21:21,RT @BrandonVanZee: A big week of retail earnings on deck. Dividend Growth Investing retailing stocks that will report this week include: $Tâ€¦
11/17/2019 21:24,"RT @EarningsAhead: Earnings next week

$PLCE $DDS $LZB $GPS $FL $SJM $MDT $TJX $KSS $LOW $TGT $LB $WSM https://t.co/vMWJYFAWX9"
11/17/2019 21:37,"RT @OMillionaires: Some implied moves for #earnings not week:

$HD 3.5%
$KSS 8.1%
$TJX 6.5%
$TGT 6.8%
$LOW 7.0%
$SONO 15.5%
$NTES 7.6%
$M 1â€¦"
11/17/2019 21:47,"#earnings #swingtrading

https://t.co/4Zv7Jukrqo 

$TGT $HD $LOW $M $KSS $TJX $SPLK $MDT $MANU $FL $QD $PDD $TDGâ€¦ https://t.co/KNg8WVks86"
11/17/2019 21:54,RT @BrandonVanZee: A big week of retail earnings on deck. Dividend Growth Investing retailing stocks that will report this week include: $Tâ€¦
11/17/2019 21:54,"RT @swingtrading_ct: #earnings #swingtrading

https://t.co/4Zv7Jukrqo 

$TGT $HD $LOW $M $KSS $TJX $SPLK $MDT $MANU $FL $QD $PDD $TDG $BILIâ€¦"
11/17/2019 21:57,"RT @OMillionaires: Some implied moves for #earnings not week:

$HD 3.5%
$KSS 8.1%
$TJX 6.5%
$TGT 6.8%
$LOW 7.0%
$SONO 15.5%
$NTES 7.6%
$M 1â€¦"
11/17/2019 21:59,RT @BrandonVanZee: A big week of retail earnings on deck. Dividend Growth Investing retailing stocks that will report this week include: $Tâ€¦
11/17/2019 22:01,"RT @eWhispers: #earnings 

https://t.co/lObOE0dgsr 

$TGT $HD $LOW $M $KSS $TJX $SPLK $MDT $MANU $FL $QD $PDD $TDG $BILI $BJ $BZUN $CCMP $Jâ€¦"
11/17/2019 22:07,"RT @OMillionaires: Some implied moves for #earnings not week:

$HD 3.5%
$KSS 8.1%
$TJX 6.5%
$TGT 6.8%
$LOW 7.0%
$SONO 15.5%
$NTES 7.6%
$M 1â€¦"
11/17/2019 22:30,"RT @JesseCohenInv: Notable #Earnings To Watch This Week (via @eWhispers)

Mon: $CRMT $MANU $BILI 
Tues: $HD $KSS $TJX $URBN 
Wed: $TGT $LOWâ€¦"
11/17/2019 22:35,"A LOOK AT THE WEEK AHEAD - hope you all are as ready as I am! $HD - $TGT - $M - $BJ - $LOW ðŸ”¥ðŸš¨ðŸ”¥
â€¢
#moneybagyo ðŸ’° â€¢
â€¢â€¦ https://t.co/jsyLtxpGWy"
11/17/2019 22:42,"RT @JesseCohenInv: Notable #Earnings To Watch This Week (via @eWhispers)

Mon: $CRMT $MANU $BILI 
Tues: $HD $KSS $TJX $URBN 
Wed: $TGT $LOWâ€¦"
11/17/2019 23:07,"RT @eWhispers: #earnings 

https://t.co/lObOE0dgsr 

$TGT $HD $LOW $M $KSS $TJX $SPLK $MDT $MANU $FL $QD $PDD $TDG $BILI $BJ $BZUN $CCMP $Jâ€¦"
11/17/2019 23:12,RT @BrandonVanZee: A big week of retail earnings on deck. Dividend Growth Investing retailing stocks that will report this week include: $Tâ€¦
11/17/2019 23:12,"RT @OMillionaires: Some implied moves for #earnings not week:

$HD 3.5%
$KSS 8.1%
$TJX 6.5%
$TGT 6.8%
$LOW 7.0%
$SONO 15.5%
$NTES 7.6%
$M 1â€¦"
11/17/2019 23:25,"RT @OMillionaires: Some implied moves for #earnings not week:

$HD 3.5%
$KSS 8.1%
$TJX 6.5%
$TGT 6.8%
$LOW 7.0%
$SONO 15.5%
$NTES 7.6%
$M 1â€¦"
11/17/2019 23:33,"#Earnings for the week ðŸ“Š

$TGT $HD $LOW $M $KSS $TJX $SPLK $MDT $MANU $FL $QD $PDD $TDG $BILI $BJ $BZUN $CCMP $JKSâ€¦ https://t.co/VrawKOkgqZ"
11/17/2019 23:45,"RT @eWhispers: #earnings 

https://t.co/lObOE0dgsr 

$TGT $HD $LOW $M $KSS $TJX $SPLK $MDT $MANU $FL $QD $PDD $TDG $BILI $BJ $BZUN $CCMP $Jâ€¦"
